timeStamp,elapsed,label,responseCode,responseMessage,threadName,dataType,success,grpThreads,allThreads,Latency
2015/10/09 16:30:43.130,3600,6 /escm/login/auth,200,OK,Thread Group 1-1,text,true,5,5,3599
2015/10/09 16:30:45.482,1249,6 /escm/login/auth,200,OK,Thread Group 1-4,text,true,5,5,1237
2015/10/09 16:30:43.130,192,6 /escm/login/auth,200,OK,Thread Group 1-5,text,true,5,5,190
2015/10/09 16:30:43.422,3304,6 /escm/login/auth,200,OK,Thread Group 1-2,text,true,5,5,3304
2015/10/09 16:30:44.467,2262,6 /escm/login/auth,200,OK,Thread Group 1-3,text,true,5,5,2261
2015/10/09 16:30:46.744,66,9 /escm/css/theme/jquery-ui-1.8.17.custom.css,200,OK,Thread Group 1-5,text,true,5,5,61
2015/10/09 16:30:46.740,73,9 /escm/css/theme/jquery-ui-1.8.17.custom.css,200,OK,Thread Group 1-4,text,true,5,5,67
2015/10/09 16:30:46.743,72,9 /escm/css/theme/jquery-ui-1.8.17.custom.css,200,OK,Thread Group 1-3,text,true,5,5,51
2015/10/09 16:30:46.743,74,9 /escm/css/theme/jquery-ui-1.8.17.custom.css,200,OK,Thread Group 1-2,text,true,5,5,68
2015/10/09 16:30:46.740,87,9 /escm/css/theme/jquery-ui-1.8.17.custom.css,200,OK,Thread Group 1-1,text,true,5,5,83
2015/10/09 16:30:46.816,46,12 /escm/css/jquery.alerts.css,200,OK,Thread Group 1-4,text,true,5,5,44
2015/10/09 16:30:46.819,52,12 /escm/css/jquery.alerts.css,200,OK,Thread Group 1-2,text,true,5,5,51
2015/10/09 16:30:46.818,57,12 /escm/css/jquery.alerts.css,200,OK,Thread Group 1-3,text,true,5,5,57
2015/10/09 16:30:46.812,72,12 /escm/css/jquery.alerts.css,200,OK,Thread Group 1-5,text,true,5,5,41
2015/10/09 16:30:46.829,168,12 /escm/css/jquery.alerts.css,200,OK,Thread Group 1-1,text,true,5,5,167
2015/10/09 16:30:46.864,209,10 /escm/css/merchant.css,200,OK,Thread Group 1-4,text,true,5,5,63
2015/10/09 16:30:46.887,211,10 /escm/css/merchant.css,200,OK,Thread Group 1-5,text,true,5,5,145
2015/10/09 16:30:46.877,249,10 /escm/css/merchant.css,200,OK,Thread Group 1-3,text,true,5,5,141
2015/10/09 16:30:46.999,162,10 /escm/css/merchant.css,200,OK,Thread Group 1-1,text,true,5,5,66
2015/10/09 16:30:46.874,352,10 /escm/css/merchant.css,200,OK,Thread Group 1-2,text,true,5,5,62
2015/10/09 16:30:47.128,120,8 /escm/js/jquery-ui-1.8.17.custom.min.js,200,OK,Thread Group 1-3,text,true,5,5,58
2015/10/09 16:30:47.100,163,8 /escm/js/jquery-ui-1.8.17.custom.min.js,200,OK,Thread Group 1-5,text,true,5,5,73
2015/10/09 16:30:47.163,135,8 /escm/js/jquery-ui-1.8.17.custom.min.js,200,OK,Thread Group 1-1,text,true,5,5,58
2015/10/09 16:30:47.076,249,8 /escm/js/jquery-ui-1.8.17.custom.min.js,200,OK,Thread Group 1-4,text,true,5,5,107
2015/10/09 16:30:47.229,110,8 /escm/js/jquery-ui-1.8.17.custom.min.js,200,OK,Thread Group 1-2,text,true,5,5,36
2015/10/09 16:30:47.265,137,7 /escm/js/jquery-1.5.2.min.js,200,OK,Thread Group 1-5,text,true,5,5,50
2015/10/09 16:30:47.327,155,7 /escm/js/jquery-1.5.2.min.js,200,OK,Thread Group 1-4,text,true,5,5,52
2015/10/09 16:30:47.487,40,15 /escm/js/jquery.alerts.js,200,OK,Thread Group 1-4,text,true,5,5,37
2015/10/09 16:30:47.300,227,7 /escm/js/jquery-1.5.2.min.js,200,OK,Thread Group 1-1,text,true,5,5,92
2015/10/09 16:30:47.250,294,7 /escm/js/jquery-1.5.2.min.js,200,OK,Thread Group 1-3,text,true,5,5,84
2015/10/09 16:30:47.341,210,7 /escm/js/jquery-1.5.2.min.js,200,OK,Thread Group 1-2,text,true,5,5,88
2015/10/09 16:30:47.532,33,15 /escm/js/jquery.alerts.js,200,OK,Thread Group 1-1,text,true,6,6,30
2015/10/09 16:30:47.529,47,13 /escm/css/jquery.ui.timepicker.css,200,OK,Thread Group 1-4,text,true,6,6,47
2015/10/09 16:30:47.567,16,13 /escm/css/jquery.ui.timepicker.css,200,OK,Thread Group 1-1,text,true,6,6,16
2015/10/09 16:30:47.549,34,15 /escm/js/jquery.alerts.js,200,OK,Thread Group 1-3,text,true,6,6,24
2015/10/09 16:30:47.556,32,15 /escm/js/jquery.alerts.js,200,OK,Thread Group 1-2,text,true,6,6,27
2015/10/09 16:30:47.407,181,15 /escm/js/jquery.alerts.js,200,OK,Thread Group 1-5,text,true,6,6,107
2015/10/09 16:30:47.577,39,14 /escm/js/validator.js,200,OK,Thread Group 1-4,text,true,6,6,37
2015/10/09 16:30:47.587,37,13 /escm/css/jquery.ui.timepicker.css,200,OK,Thread Group 1-3,text,true,6,6,37
2015/10/09 16:30:47.590,45,13 /escm/css/jquery.ui.timepicker.css,200,OK,Thread Group 1-5,text,true,6,6,45
2015/10/09 16:30:47.626,23,14 /escm/js/validator.js,200,OK,Thread Group 1-3,text,true,6,6,23
2015/10/09 16:30:47.585,67,14 /escm/js/validator.js,200,OK,Thread Group 1-1,text,true,6,6,42
2015/10/09 16:30:47.589,65,13 /escm/css/jquery.ui.timepicker.css,200,OK,Thread Group 1-2,text,true,6,6,65
2015/10/09 16:30:47.618,39,11 /escm/js/jquery.bpopup.min.js,200,OK,Thread Group 1-4,text,true,6,6,38
2015/10/09 16:30:47.636,24,14 /escm/js/validator.js,200,OK,Thread Group 1-5,text,true,6,6,23
2015/10/09 16:30:47.651,15,11 /escm/js/jquery.bpopup.min.js,200,OK,Thread Group 1-3,text,true,6,6,14
2015/10/09 16:30:47.654,15,11 /escm/js/jquery.bpopup.min.js,200,OK,Thread Group 1-1,text,true,6,6,13
2015/10/09 16:30:47.659,40,17 /escm/css/logintypedialog.css,200,OK,Thread Group 1-4,text,true,6,6,40
2015/10/09 16:30:47.661,39,11 /escm/js/jquery.bpopup.min.js,200,OK,Thread Group 1-5,text,true,6,6,37
2015/10/09 16:30:47.656,51,14 /escm/js/validator.js,200,OK,Thread Group 1-2,text,true,6,6,50
2015/10/09 16:30:47.672,36,17 /escm/css/logintypedialog.css,200,OK,Thread Group 1-1,text,true,6,6,35
2015/10/09 16:30:47.668,45,17 /escm/css/logintypedialog.css,200,OK,Thread Group 1-3,text,true,6,6,43
2015/10/09 16:30:47.702,14,17 /escm/css/logintypedialog.css,200,OK,Thread Group 1-5,text,true,6,6,13
2015/10/09 16:30:47.709,13,11 /escm/js/jquery.bpopup.min.js,200,OK,Thread Group 1-2,text,true,6,6,11
2015/10/09 16:30:47.701,46,16 /escm/images/favicon.ico,200,OK,Thread Group 1-4,bin,true,6,6,36
2015/10/09 16:30:47.575,187,6 /escm/login/auth,200,OK,Thread Group 1-6,text,true,6,6,184
2015/10/09 16:30:47.749,18,19 /escm/css/modern_ui/images/footer.png,200,OK,Thread Group 1-4,bin,true,6,6,18
2015/10/09 16:30:47.723,49,17 /escm/css/logintypedialog.css,200,OK,Thread Group 1-2,text,true,6,6,48
2015/10/09 16:30:47.763,18,9 /escm/css/theme/jquery-ui-1.8.17.custom.css,200,OK,Thread Group 1-6,text,true,6,6,15
2015/10/09 16:30:47.710,75,16 /escm/images/favicon.ico,200,OK,Thread Group 1-1,bin,true,6,6,47
2015/10/09 16:30:47.714,73,16 /escm/images/favicon.ico,200,OK,Thread Group 1-3,bin,true,6,6,37
2015/10/09 16:30:47.718,74,16 /escm/images/favicon.ico,200,OK,Thread Group 1-5,bin,true,6,6,21
2015/10/09 16:30:47.783,10,12 /escm/css/jquery.alerts.css,200,OK,Thread Group 1-6,text,true,6,6,9
2015/10/09 16:30:47.786,10,19 /escm/css/modern_ui/images/footer.png,200,OK,Thread Group 1-1,bin,true,6,6,10
2015/10/09 16:30:47.788,12,19 /escm/css/modern_ui/images/footer.png,200,OK,Thread Group 1-3,bin,true,6,6,12
2015/10/09 16:30:47.793,9,19 /escm/css/modern_ui/images/footer.png,200,OK,Thread Group 1-5,bin,true,6,6,9
2015/10/09 16:30:47.773,33,16 /escm/images/favicon.ico,200,OK,Thread Group 1-2,bin,true,6,6,23
2015/10/09 16:30:47.770,45,18 /escm/images/logo.png,200,OK,Thread Group 1-4,bin,true,6,6,45
2015/10/09 16:30:47.803,19,18 /escm/images/logo.png,200,OK,Thread Group 1-5,bin,true,6,6,19
2015/10/09 16:30:47.807,20,19 /escm/css/modern_ui/images/footer.png,200,OK,Thread Group 1-2,bin,true,6,6,20
2015/10/09 16:30:47.798,29,18 /escm/images/logo.png,200,OK,Thread Group 1-1,bin,true,6,6,29
2015/10/09 16:30:47.802,26,18 /escm/images/logo.png,200,OK,Thread Group 1-3,bin,true,6,6,26
2015/10/09 16:30:47.829,8,18 /escm/images/logo.png,200,OK,Thread Group 1-2,bin,true,6,6,8
2015/10/09 16:30:47.823,31,20 /escm/images/add.jpg,200,OK,Thread Group 1-5,bin,true,6,6,30
2015/10/09 16:30:47.830,33,20 /escm/images/add.jpg,200,OK,Thread Group 1-3,bin,true,6,6,31
2015/10/09 16:30:47.829,36,20 /escm/images/add.jpg,200,OK,Thread Group 1-1,bin,true,6,6,36
2015/10/09 16:30:47.838,30,20 /escm/images/add.jpg,200,OK,Thread Group 1-2,bin,true,6,6,30
2015/10/09 16:30:47.816,53,20 /escm/images/add.jpg,200,OK,Thread Group 1-4,bin,true,6,6,50
2015/10/09 16:30:47.795,89,10 /escm/css/merchant.css,200,OK,Thread Group 1-6,text,true,6,6,38
2015/10/09 16:30:47.855,35,22 /escm/css/fonts/Roboto-Bold.woff,200,OK,Thread Group 1-5,text,true,6,6,33
2015/10/09 16:30:47.870,22,22 /escm/css/fonts/Roboto-Bold.woff,200,OK,Thread Group 1-2,text,true,6,6,20
2015/10/09 16:30:47.865,30,22 /escm/css/fonts/Roboto-Bold.woff,200,OK,Thread Group 1-3,text,true,6,6,25
2015/10/09 16:30:47.867,29,22 /escm/css/fonts/Roboto-Bold.woff,200,OK,Thread Group 1-1,text,true,6,6,25
2015/10/09 16:30:47.870,31,22 /escm/css/fonts/Roboto-Bold.woff,200,OK,Thread Group 1-4,text,true,6,6,29
2015/10/09 16:30:47.891,13,21 /escm/css/fonts/Roboto-Light.woff,200,OK,Thread Group 1-5,text,true,6,6,12
2015/10/09 16:30:47.896,12,21 /escm/css/fonts/Roboto-Light.woff,200,OK,Thread Group 1-3,text,true,6,6,11
2015/10/09 16:30:47.898,14,21 /escm/css/fonts/Roboto-Light.woff,200,OK,Thread Group 1-1,text,true,6,6,13
2015/10/09 16:30:47.905,23,23 /escm/css/fonts/Roboto-Regular.ttf,200,OK,Thread Group 1-5,text,true,6,6,22
2015/10/09 16:30:47.894,36,21 /escm/css/fonts/Roboto-Light.woff,200,OK,Thread Group 1-2,text,true,6,6,36
2015/10/09 16:30:47.909,24,23 /escm/css/fonts/Roboto-Regular.ttf,200,OK,Thread Group 1-3,text,true,6,6,23
2015/10/09 16:30:47.902,33,21 /escm/css/fonts/Roboto-Light.woff,200,OK,Thread Group 1-4,text,true,6,6,14
2015/10/09 16:30:47.913,26,23 /escm/css/fonts/Roboto-Regular.ttf,200,OK,Thread Group 1-1,text,true,6,6,26
2015/10/09 16:30:47.942,14,23 /escm/css/fonts/Roboto-Regular.ttf,200,OK,Thread Group 1-2,text,true,6,6,13
2015/10/09 16:30:47.937,26,23 /escm/css/fonts/Roboto-Regular.ttf,200,OK,Thread Group 1-4,text,true,6,6,11
2015/10/09 16:30:47.885,92,8 /escm/js/jquery-ui-1.8.17.custom.min.js,200,OK,Thread Group 1-6,text,true,6,6,30
2015/10/09 16:30:47.979,97,7 /escm/js/jquery-1.5.2.min.js,200,OK,Thread Group 1-6,text,true,6,6,29
2015/10/09 16:30:48.078,9,15 /escm/js/jquery.alerts.js,200,OK,Thread Group 1-6,text,true,6,6,7
2015/10/09 16:30:48.089,6,13 /escm/css/jquery.ui.timepicker.css,200,OK,Thread Group 1-6,text,true,6,6,6
2015/10/09 16:30:48.097,11,14 /escm/js/validator.js,200,OK,Thread Group 1-6,text,true,6,6,8
2015/10/09 16:30:48.109,10,11 /escm/js/jquery.bpopup.min.js,200,OK,Thread Group 1-6,text,true,6,6,8
2015/10/09 16:30:48.120,10,17 /escm/css/logintypedialog.css,200,OK,Thread Group 1-6,text,true,6,6,8
2015/10/09 16:30:48.131,10,16 /escm/images/favicon.ico,200,OK,Thread Group 1-6,bin,true,6,6,7
2015/10/09 16:30:48.142,7,19 /escm/css/modern_ui/images/footer.png,200,OK,Thread Group 1-6,bin,true,6,6,7
2015/10/09 16:30:48.150,8,18 /escm/images/logo.png,200,OK,Thread Group 1-6,bin,true,6,6,8
2015/10/09 16:30:48.159,7,20 /escm/images/add.jpg,200,OK,Thread Group 1-6,bin,true,6,6,6
2015/10/09 16:30:48.167,8,22 /escm/css/fonts/Roboto-Bold.woff,200,OK,Thread Group 1-6,text,true,6,6,6
2015/10/09 16:30:48.177,6,21 /escm/css/fonts/Roboto-Light.woff,200,OK,Thread Group 1-6,text,true,6,6,5
2015/10/09 16:30:48.184,10,23 /escm/css/fonts/Roboto-Regular.ttf,200,OK,Thread Group 1-6,text,true,6,6,7
2015/10/09 16:30:48.608,105,6 /escm/login/auth,200,OK,Thread Group 1-7,text,true,7,7,102
2015/10/09 16:30:48.715,14,9 /escm/css/theme/jquery-ui-1.8.17.custom.css,200,OK,Thread Group 1-7,text,true,7,7,10
2015/10/09 16:30:48.730,8,12 /escm/css/jquery.alerts.css,200,OK,Thread Group 1-7,text,true,7,7,7
2015/10/09 16:30:48.739,82,10 /escm/css/merchant.css,200,OK,Thread Group 1-7,text,true,7,7,35
2015/10/09 16:30:48.823,61,8 /escm/js/jquery-ui-1.8.17.custom.min.js,200,OK,Thread Group 1-7,text,true,7,7,23
2015/10/09 16:30:48.887,89,7 /escm/js/jquery-1.5.2.min.js,200,OK,Thread Group 1-7,text,true,7,7,28
2015/10/09 16:30:48.978,10,15 /escm/js/jquery.alerts.js,200,OK,Thread Group 1-7,text,true,7,7,7
2015/10/09 16:30:48.989,7,13 /escm/css/jquery.ui.timepicker.css,200,OK,Thread Group 1-7,text,true,7,7,7
2015/10/09 16:30:48.997,9,14 /escm/js/validator.js,200,OK,Thread Group 1-7,text,true,7,7,7
2015/10/09 16:30:49.008,9,11 /escm/js/jquery.bpopup.min.js,200,OK,Thread Group 1-7,text,true,7,7,7
2015/10/09 16:30:49.018,8,17 /escm/css/logintypedialog.css,200,OK,Thread Group 1-7,text,true,7,7,7
2015/10/09 16:30:49.027,12,16 /escm/images/favicon.ico,200,OK,Thread Group 1-7,bin,true,7,7,6
2015/10/09 16:30:49.040,6,19 /escm/css/modern_ui/images/footer.png,200,OK,Thread Group 1-7,bin,true,7,7,6
2015/10/09 16:30:49.047,7,18 /escm/images/logo.png,200,OK,Thread Group 1-7,bin,true,7,7,7
2015/10/09 16:30:49.056,6,20 /escm/images/add.jpg,200,OK,Thread Group 1-7,bin,true,7,7,5
2015/10/09 16:30:49.063,22,22 /escm/css/fonts/Roboto-Bold.woff,200,OK,Thread Group 1-7,text,true,7,7,6
2015/10/09 16:30:49.086,7,21 /escm/css/fonts/Roboto-Light.woff,200,OK,Thread Group 1-7,text,true,7,7,6
2015/10/09 16:30:49.094,12,23 /escm/css/fonts/Roboto-Regular.ttf,200,OK,Thread Group 1-7,text,true,7,7,5
2015/10/09 16:30:49.621,109,6 /escm/login/auth,200,OK,Thread Group 1-8,text,true,8,8,108
2015/10/09 16:30:49.732,13,9 /escm/css/theme/jquery-ui-1.8.17.custom.css,200,OK,Thread Group 1-8,text,true,8,8,10
2015/10/09 16:30:49.746,20,12 /escm/css/jquery.alerts.css,200,OK,Thread Group 1-8,text,true,8,8,19
2015/10/09 16:30:49.767,82,10 /escm/css/merchant.css,200,OK,Thread Group 1-8,text,true,8,8,30
2015/10/09 16:30:49.850,61,8 /escm/js/jquery-ui-1.8.17.custom.min.js,200,OK,Thread Group 1-8,text,true,8,8,23
2015/10/09 16:30:49.913,86,7 /escm/js/jquery-1.5.2.min.js,200,OK,Thread Group 1-8,text,true,8,8,26
2015/10/09 16:30:50.019,10,15 /escm/js/jquery.alerts.js,200,OK,Thread Group 1-8,text,true,8,8,8
2015/10/09 16:30:50.030,8,13 /escm/css/jquery.ui.timepicker.css,200,OK,Thread Group 1-8,text,true,8,8,8
2015/10/09 16:30:50.039,14,14 /escm/js/validator.js,200,OK,Thread Group 1-8,text,true,8,8,13
2015/10/09 16:30:50.055,10,11 /escm/js/jquery.bpopup.min.js,200,OK,Thread Group 1-8,text,true,8,8,10
2015/10/09 16:30:50.066,15,17 /escm/css/logintypedialog.css,200,OK,Thread Group 1-8,text,true,8,8,15
2015/10/09 16:30:50.083,15,16 /escm/images/favicon.ico,200,OK,Thread Group 1-8,bin,true,8,8,12
2015/10/09 16:30:50.100,7,19 /escm/css/modern_ui/images/footer.png,200,OK,Thread Group 1-8,bin,true,8,8,7
2015/10/09 16:30:50.108,7,18 /escm/images/logo.png,200,OK,Thread Group 1-8,bin,true,8,8,7
2015/10/09 16:30:50.116,9,20 /escm/images/add.jpg,200,OK,Thread Group 1-8,bin,true,8,8,9
2015/10/09 16:30:50.127,6,22 /escm/css/fonts/Roboto-Bold.woff,200,OK,Thread Group 1-8,text,true,8,8,6
2015/10/09 16:30:50.135,8,21 /escm/css/fonts/Roboto-Light.woff,200,OK,Thread Group 1-8,text,true,8,8,6
2015/10/09 16:30:50.144,7,23 /escm/css/fonts/Roboto-Regular.ttf,200,OK,Thread Group 1-8,text,true,8,8,6
2015/10/09 16:30:50.655,91,6 /escm/login/auth,200,OK,Thread Group 1-9,text,true,9,9,89
2015/10/09 16:30:50.748,13,9 /escm/css/theme/jquery-ui-1.8.17.custom.css,200,OK,Thread Group 1-9,text,true,9,9,10
2015/10/09 16:30:50.762,10,12 /escm/css/jquery.alerts.css,200,OK,Thread Group 1-9,text,true,9,9,10
2015/10/09 16:30:50.773,66,10 /escm/css/merchant.css,200,OK,Thread Group 1-9,text,true,9,9,29
2015/10/09 16:30:50.841,51,8 /escm/js/jquery-ui-1.8.17.custom.min.js,200,OK,Thread Group 1-9,text,true,9,9,22
2015/10/09 16:30:50.893,66,7 /escm/js/jquery-1.5.2.min.js,200,OK,Thread Group 1-9,text,true,9,9,27
2015/10/09 16:30:50.961,9,15 /escm/js/jquery.alerts.js,200,OK,Thread Group 1-9,text,true,9,9,7
2015/10/09 16:30:50.971,7,13 /escm/css/jquery.ui.timepicker.css,200,OK,Thread Group 1-9,text,true,9,9,7
2015/10/09 16:30:50.980,9,14 /escm/js/validator.js,200,OK,Thread Group 1-9,text,true,9,9,8
2015/10/09 16:30:50.990,7,11 /escm/js/jquery.bpopup.min.js,200,OK,Thread Group 1-9,text,true,9,9,6
2015/10/09 16:30:50.999,8,17 /escm/css/logintypedialog.css,200,OK,Thread Group 1-9,text,true,9,9,6
2015/10/09 16:30:51.008,8,16 /escm/images/favicon.ico,200,OK,Thread Group 1-9,bin,true,9,9,6
2015/10/09 16:30:51.018,6,19 /escm/css/modern_ui/images/footer.png,200,OK,Thread Group 1-9,bin,true,9,9,6
2015/10/09 16:30:51.025,7,18 /escm/images/logo.png,200,OK,Thread Group 1-9,bin,true,9,9,7
2015/10/09 16:30:51.033,7,20 /escm/images/add.jpg,200,OK,Thread Group 1-9,bin,true,9,9,7
2015/10/09 16:30:51.041,8,22 /escm/css/fonts/Roboto-Bold.woff,200,OK,Thread Group 1-9,text,true,9,9,7
2015/10/09 16:30:51.050,7,21 /escm/css/fonts/Roboto-Light.woff,200,OK,Thread Group 1-9,text,true,9,9,6
2015/10/09 16:30:51.058,8,23 /escm/css/fonts/Roboto-Regular.ttf,200,OK,Thread Group 1-9,text,true,9,9,7
2015/10/09 16:30:51.668,142,6 /escm/login/auth,200,OK,Thread Group 1-10,text,true,10,10,140
2015/10/09 16:30:51.812,15,9 /escm/css/theme/jquery-ui-1.8.17.custom.css,200,OK,Thread Group 1-10,text,true,10,10,12
2015/10/09 16:30:51.828,9,12 /escm/css/jquery.alerts.css,200,OK,Thread Group 1-10,text,true,10,10,9
2015/10/09 16:30:51.838,63,10 /escm/css/merchant.css,200,OK,Thread Group 1-10,text,true,10,10,30
2015/10/09 16:30:51.903,54,8 /escm/js/jquery-ui-1.8.17.custom.min.js,200,OK,Thread Group 1-10,text,true,10,10,24
2015/10/09 16:30:51.959,77,7 /escm/js/jquery-1.5.2.min.js,200,OK,Thread Group 1-10,text,true,10,10,28
2015/10/09 16:30:52.038,9,15 /escm/js/jquery.alerts.js,200,OK,Thread Group 1-10,text,true,10,10,8
2015/10/09 16:30:52.048,7,13 /escm/css/jquery.ui.timepicker.css,200,OK,Thread Group 1-10,text,true,10,10,7
2015/10/09 16:30:52.056,11,14 /escm/js/validator.js,200,OK,Thread Group 1-10,text,true,10,10,9
2015/10/09 16:30:52.068,8,11 /escm/js/jquery.bpopup.min.js,200,OK,Thread Group 1-10,text,true,10,10,7
2015/10/09 16:30:52.078,8,17 /escm/css/logintypedialog.css,200,OK,Thread Group 1-10,text,true,10,10,6
2015/10/09 16:30:52.087,7,16 /escm/images/favicon.ico,200,OK,Thread Group 1-10,bin,true,10,10,6
2015/10/09 16:30:52.095,7,19 /escm/css/modern_ui/images/footer.png,200,OK,Thread Group 1-10,bin,true,10,10,7
2015/10/09 16:30:52.103,7,18 /escm/images/logo.png,200,OK,Thread Group 1-10,bin,true,10,10,6
2015/10/09 16:30:52.111,8,20 /escm/images/add.jpg,200,OK,Thread Group 1-10,bin,true,10,10,8
2015/10/09 16:30:52.120,27,22 /escm/css/fonts/Roboto-Bold.woff,200,OK,Thread Group 1-10,text,true,10,10,26
2015/10/09 16:30:52.148,10,21 /escm/css/fonts/Roboto-Light.woff,200,OK,Thread Group 1-10,text,true,10,10,7
2015/10/09 16:30:52.159,8,23 /escm/css/fonts/Roboto-Regular.ttf,200,OK,Thread Group 1-10,text,true,10,10,7
2015/10/09 16:30:52.171,8370,24 /escm/login/doAuth?id=loginform,200,OK,Thread Group 1-1,text,true,10,10,4109
2015/10/09 16:30:52.174,8374,24 /escm/login/doAuth?id=loginform,200,OK,Thread Group 1-8,text,true,10,10,3807
2015/10/09 16:30:52.170,8382,24 /escm/login/doAuth?id=loginform,200,OK,Thread Group 1-5,text,true,10,10,3806
2015/10/09 16:30:52.174,8383,24 /escm/login/doAuth?id=loginform,200,OK,Thread Group 1-9,text,true,10,10,4089
2015/10/09 16:31:00.547,31,29 /escm/js/jquery-validate/jquery.validate.min.js,200,OK,Thread Group 1-1,text,true,10,10,30
2015/10/09 16:31:00.555,32,29 /escm/js/jquery-validate/jquery.validate.min.js,200,OK,Thread Group 1-5,text,true,10,10,30
2015/10/09 16:31:00.550,39,29 /escm/js/jquery-validate/jquery.validate.min.js,200,OK,Thread Group 1-8,text,true,10,10,36
2015/10/09 16:31:00.559,35,29 /escm/js/jquery-validate/jquery.validate.min.js,200,OK,Thread Group 1-9,text,true,10,10,34
2015/10/09 16:31:00.588,33,30 /escm/js/jquery.ba-dotimeout.min.js,200,OK,Thread Group 1-1,text,true,10,10,33
2015/10/09 16:31:00.588,24,30 /escm/js/jquery.ba-dotimeout.min.js,200,OK,Thread Group 1-5,text,true,10,10,24
2015/10/09 16:30:52.171,8454,24 /escm/login/doAuth?id=loginform,200,OK,Thread Group 1-2,text,true,10,10,3796
2015/10/09 16:30:52.172,8453,24 /escm/login/doAuth?id=loginform,200,OK,Thread Group 1-6,text,true,10,10,3846
2015/10/09 16:31:00.595,36,30 /escm/js/jquery.ba-dotimeout.min.js,200,OK,Thread Group 1-9,text,true,10,10,36
2015/10/09 16:31:00.628,11,29 /escm/js/jquery-validate/jquery.validate.min.js,200,OK,Thread Group 1-2,text,true,10,10,10
2015/10/09 16:31:00.628,12,29 /escm/js/jquery-validate/jquery.validate.min.js,200,OK,Thread Group 1-6,text,true,10,10,11
2015/10/09 16:31:00.615,45,28 /escm/js/jquery.blockUI.js,200,OK,Thread Group 1-5,text,true,10,10,44
2015/10/09 16:31:00.640,24,30 /escm/js/jquery.ba-dotimeout.min.js,200,OK,Thread Group 1-2,text,true,10,10,24
2015/10/09 16:31:00.590,80,30 /escm/js/jquery.ba-dotimeout.min.js,200,OK,Thread Group 1-8,text,true,10,10,80
2015/10/09 16:31:00.661,16,32 /escm/js/jquery-validate/jquery.metadata.js,200,OK,Thread Group 1-5,text,true,10,10,15
2015/10/09 16:30:52.170,8507,24 /escm/login/doAuth?id=loginform,200,OK,Thread Group 1-3,text,true,10,10,4106
2015/10/09 16:31:00.666,18,28 /escm/js/jquery.blockUI.js,200,OK,Thread Group 1-2,text,true,10,10,17
2015/10/09 16:31:00.671,14,28 /escm/js/jquery.blockUI.js,200,OK,Thread Group 1-8,text,true,10,10,13
2015/10/09 16:31:00.680,15,29 /escm/js/jquery-validate/jquery.validate.min.js,200,OK,Thread Group 1-3,text,true,10,10,14
2015/10/09 16:31:00.641,60,30 /escm/js/jquery.ba-dotimeout.min.js,200,OK,Thread Group 1-6,text,true,10,10,60
2015/10/09 16:31:00.697,11,30 /escm/js/jquery.ba-dotimeout.min.js,200,OK,Thread Group 1-3,text,true,10,10,10
2015/10/09 16:31:00.697,94,28 /escm/js/jquery.blockUI.js,200,OK,Thread Group 1-1,text,true,10,10,90
2015/10/09 16:31:00.702,16,28 /escm/js/jquery.blockUI.js,200,OK,Thread Group 1-6,text,true,10,10,13
2015/10/09 16:31:00.679,54,31 /escm/js/datatable.js,200,OK,Thread Group 1-5,text,true,10,10,54
2015/10/09 16:31:00.720,18,32 /escm/js/jquery-validate/jquery.metadata.js,200,OK,Thread Group 1-6,text,true,10,10,18
2015/10/09 16:31:00.734,12,36 /escm/js/jquery-validate/additional-methods.min.js,200,OK,Thread Group 1-5,text,true,10,10,11
2015/10/09 16:30:52.170,8576,24 /escm/login/doAuth?id=loginform,200,OK,Thread Group 1-10,text,true,10,10,4115
2015/10/09 16:31:00.632,10,31 /escm/js/datatable.js,200,OK,Thread Group 1-6,text,true,10,10,10
2015/10/09 16:31:00.632,118,28 /escm/js/jquery.blockUI.js,200,OK,Thread Group 1-9,text,true,10,10,33
2015/10/09 16:31:00.749,12,29 /escm/js/jquery-validate/jquery.validate.min.js,200,OK,Thread Group 1-10,text,true,10,10,10
2015/10/09 16:31:00.751,20,36 /escm/js/jquery-validate/additional-methods.min.js,200,OK,Thread Group 1-6,text,true,10,10,17
2015/10/09 16:31:00.747,28,35 /escm/js/jquery.qtip-1.0.0-rc3.min.js,200,OK,Thread Group 1-5,text,true,10,10,27
2015/10/09 16:31:00.751,27,32 /escm/js/jquery-validate/jquery.metadata.js,200,OK,Thread Group 1-9,text,true,10,10,26
2015/10/09 16:31:00.763,16,30 /escm/js/jquery.ba-dotimeout.min.js,200,OK,Thread Group 1-10,text,true,10,10,16
2015/10/09 16:31:00.776,11,49 /escm/css/modern_ui/usageGraph/jquery.jqplot.min.css,200,OK,Thread Group 1-5,text,true,10,10,11
2015/10/09 16:31:00.779,14,31 /escm/js/datatable.js,200,OK,Thread Group 1-9,text,true,10,10,13
2015/10/09 16:31:00.773,22,35 /escm/js/jquery.qtip-1.0.0-rc3.min.js,200,OK,Thread Group 1-6,text,true,10,10,19
2015/10/09 16:31:00.780,20,28 /escm/js/jquery.blockUI.js,200,OK,Thread Group 1-10,text,true,10,10,19
2015/10/09 16:31:00.794,11,36 /escm/js/jquery-validate/additional-methods.min.js,200,OK,Thread Group 1-9,text,true,10,10,11
2015/10/09 16:31:00.796,15,49 /escm/css/modern_ui/usageGraph/jquery.jqplot.min.css,200,OK,Thread Group 1-6,text,true,10,10,14
2015/10/09 16:31:00.709,107,32 /escm/js/jquery-validate/jquery.metadata.js,200,OK,Thread Group 1-1,text,true,10,10,105
2015/10/09 16:31:00.801,17,32 /escm/js/jquery-validate/jquery.metadata.js,200,OK,Thread Group 1-10,text,true,10,10,15
2015/10/09 16:31:00.806,26,35 /escm/js/jquery.qtip-1.0.0-rc3.min.js,200,OK,Thread Group 1-9,text,true,10,10,20
2015/10/09 16:31:00.812,24,45 /escm/js/placeholders.min.js,200,OK,Thread Group 1-6,text,true,10,10,23
2015/10/09 16:31:00.818,20,31 /escm/js/datatable.js,200,OK,Thread Group 1-1,text,true,10,10,20
2015/10/09 16:31:00.820,20,31 /escm/js/datatable.js,200,OK,Thread Group 1-10,text,true,10,10,20
2015/10/09 16:31:00.788,64,45 /escm/js/placeholders.min.js,200,OK,Thread Group 1-5,text,true,10,10,63
2015/10/09 16:31:00.709,147,28 /escm/js/jquery.blockUI.js,200,OK,Thread Group 1-3,text,true,10,10,146
2015/10/09 16:31:00.853,10,50 /escm/css/modern_ui/usageGraph/examples.css,200,OK,Thread Group 1-5,text,true,10,10,10
2015/10/09 16:31:00.857,183,32 /escm/js/jquery-validate/jquery.metadata.js,200,OK,Thread Group 1-8,text,true,10,10,11
2015/10/09 16:31:00.857,13,32 /escm/js/jquery-validate/jquery.metadata.js,200,OK,Thread Group 1-3,text,true,10,10,11
2015/10/09 16:31:00.842,34,36 /escm/js/jquery-validate/additional-methods.min.js,200,OK,Thread Group 1-10,text,true,10,10,32
2015/10/09 16:31:00.872,9,31 /escm/js/datatable.js,200,OK,Thread Group 1-3,text,true,10,10,9
2015/10/09 16:31:00.871,15,31 /escm/js/datatable.js,200,OK,Thread Group 1-8,text,true,10,10,15
2015/10/09 16:31:00.864,31,47 /escm/js/jquery.slimscroll.min.js,200,OK,Thread Group 1-5,text,true,10,10,30
2015/10/09 16:31:00.882,19,36 /escm/js/jquery-validate/additional-methods.min.js,200,OK,Thread Group 1-3,text,true,10,10,18
2015/10/09 16:31:00.878,24,35 /escm/js/jquery.qtip-1.0.0-rc3.min.js,200,OK,Thread Group 1-10,text,true,10,10,17
2015/10/09 16:31:00.887,20,36 /escm/js/jquery-validate/additional-methods.min.js,200,OK,Thread Group 1-8,text,true,10,10,19
2015/10/09 16:31:00.902,18,35 /escm/js/jquery.qtip-1.0.0-rc3.min.js,200,OK,Thread Group 1-3,text,true,10,10,14
2015/10/09 16:31:00.903,23,49 /escm/css/modern_ui/usageGraph/jquery.jqplot.min.css,200,OK,Thread Group 1-10,text,true,10,10,23
2015/10/09 16:31:00.897,36,57 /escm/js/usageGraphJS/excanvas.min.js,200,OK,Thread Group 1-5,text,true,10,10,31
2015/10/09 16:31:00.910,28,35 /escm/js/jquery.qtip-1.0.0-rc3.min.js,200,OK,Thread Group 1-8,text,true,10,10,24
2015/10/09 16:31:00.921,21,49 /escm/css/modern_ui/usageGraph/jquery.jqplot.min.css,200,OK,Thread Group 1-3,text,true,10,10,20
2015/10/09 16:31:00.927,17,45 /escm/js/placeholders.min.js,200,OK,Thread Group 1-10,text,true,10,10,16
2015/10/09 16:31:00.939,11,49 /escm/css/modern_ui/usageGraph/jquery.jqplot.min.css,200,OK,Thread Group 1-8,text,true,10,10,11
2015/10/09 16:31:00.934,18,69 /escm/css/modern_ui/images/dropDown.png,200,OK,Thread Group 1-5,bin,true,10,10,18
2015/10/09 16:31:00.944,11,45 /escm/js/placeholders.min.js,200,OK,Thread Group 1-3,text,true,10,10,10
2015/10/09 16:31:00.946,23,50 /escm/css/modern_ui/usageGraph/examples.css,200,OK,Thread Group 1-10,text,true,10,10,23
2015/10/09 16:31:00.951,20,45 /escm/js/placeholders.min.js,200,OK,Thread Group 1-8,text,true,10,10,20
2015/10/09 16:31:00.956,16,50 /escm/css/modern_ui/usageGraph/examples.css,200,OK,Thread Group 1-3,text,true,10,10,16
2015/10/09 16:31:00.686,287,32 /escm/js/jquery-validate/jquery.metadata.js,200,OK,Thread Group 1-2,text,true,10,10,5
2015/10/09 16:31:00.839,136,36 /escm/js/jquery-validate/additional-methods.min.js,200,OK,Thread Group 1-1,text,true,10,10,135
2015/10/09 16:31:00.971,12,47 /escm/js/jquery.slimscroll.min.js,200,OK,Thread Group 1-10,text,true,10,10,12
2015/10/09 16:31:00.953,31,48 /escm/js/main.js,200,OK,Thread Group 1-5,text,true,10,10,31
2015/10/09 16:31:00.973,16,50 /escm/css/modern_ui/usageGraph/examples.css,200,OK,Thread Group 1-8,text,true,10,10,16
2015/10/09 16:31:00.973,17,47 /escm/js/jquery.slimscroll.min.js,200,OK,Thread Group 1-3,text,true,10,10,16
2015/10/09 16:31:00.975,21,31 /escm/js/datatable.js,200,OK,Thread Group 1-2,text,true,10,10,21
2015/10/09 16:31:00.977,23,35 /escm/js/jquery.qtip-1.0.0-rc3.min.js,200,OK,Thread Group 1-1,text,true,10,10,21
2015/10/09 16:31:00.985,20,57 /escm/js/usageGraphJS/excanvas.min.js,200,OK,Thread Group 1-10,text,true,10,10,19
2015/10/09 16:31:00.991,21,47 /escm/js/jquery.slimscroll.min.js,200,OK,Thread Group 1-8,text,true,10,10,20
2015/10/09 16:31:00.985,38,38 /escm/css/tablesorter.css,200,OK,Thread Group 1-5,text,true,10,10,38
2015/10/09 16:31:00.992,31,57 /escm/js/usageGraphJS/excanvas.min.js,200,OK,Thread Group 1-3,text,true,10,10,29
2015/10/09 16:31:01.001,27,49 /escm/css/modern_ui/usageGraph/jquery.jqplot.min.css,200,OK,Thread Group 1-1,text,true,10,10,26
2015/10/09 16:31:00.997,33,36 /escm/js/jquery-validate/additional-methods.min.js,200,OK,Thread Group 1-2,text,true,10,10,32
2015/10/09 16:31:01.006,26,69 /escm/css/modern_ui/images/dropDown.png,200,OK,Thread Group 1-10,bin,true,10,10,26
2015/10/09 16:31:01.024,15,37 /escm/css/modern_ui/usageGraph/jquery.jqplot.css,200,OK,Thread Group 1-5,text,true,10,10,15
2015/10/09 16:31:01.014,27,57 /escm/js/usageGraphJS/excanvas.min.js,200,OK,Thread Group 1-8,text,true,10,10,25
2015/10/09 16:31:01.024,20,69 /escm/css/modern_ui/images/dropDown.png,200,OK,Thread Group 1-3,bin,true,10,10,20
2015/10/09 16:31:01.029,20,45 /escm/js/placeholders.min.js,200,OK,Thread Group 1-1,text,true,10,10,19
2015/10/09 16:31:00.837,252,50 /escm/css/modern_ui/usageGraph/examples.css,200,OK,Thread Group 1-6,text,true,10,10,252
2015/10/09 16:31:00.834,256,49 /escm/css/modern_ui/usageGraph/jquery.jqplot.min.css,200,OK,Thread Group 1-9,text,true,10,10,9
2015/10/09 16:31:00.834,8916,24 /escm/login/doAuth?id=loginform,200,OK,Thread Group 1-7,text,true,10,10,3812
2015/10/09 16:31:01.031,61,35 /escm/js/jquery.qtip-1.0.0-rc3.min.js,200,OK,Thread Group 1-2,text,true,10,10,22
2015/10/09 16:31:01.042,52,69 /escm/css/modern_ui/images/dropDown.png,200,OK,Thread Group 1-8,bin,true,10,10,52
2015/10/09 16:31:01.033,61,48 /escm/js/main.js,200,OK,Thread Group 1-10,text,true,10,10,60
2015/10/09 16:31:01.050,44,50 /escm/css/modern_ui/usageGraph/examples.css,200,OK,Thread Group 1-1,text,true,10,10,44
2015/10/09 16:30:52.172,8925,24 /escm/login/doAuth?id=loginform,200,OK,Thread Group 1-4,text,true,10,10,4114
2015/10/09 16:31:01.040,58,52 /escm/js/escm_alert.js,200,OK,Thread Group 1-5,text,true,10,10,54
2015/10/09 16:31:01.045,54,48 /escm/js/main.js,200,OK,Thread Group 1-3,text,true,10,10,54
2015/10/09 16:31:01.090,10,47 /escm/js/jquery.slimscroll.min.js,200,OK,Thread Group 1-6,text,true,10,10,10
2015/10/09 16:31:01.092,13,45 /escm/js/placeholders.min.js,200,OK,Thread Group 1-9,text,true,10,10,11
2015/10/09 16:31:01.092,18,29 /escm/js/jquery-validate/jquery.validate.min.js,200,OK,Thread Group 1-7,text,true,10,10,16
2015/10/09 16:31:01.096,14,47 /escm/js/jquery.slimscroll.min.js,200,OK,Thread Group 1-1,text,true,10,10,14
2015/10/09 16:31:01.096,18,48 /escm/js/main.js,200,OK,Thread Group 1-8,text,true,10,10,17
2015/10/09 16:31:01.096,20,38 /escm/css/tablesorter.css,200,OK,Thread Group 1-10,text,true,10,10,20
2015/10/09 16:31:01.099,22,29 /escm/js/jquery-validate/jquery.validate.min.js,200,OK,Thread Group 1-4,text,true,10,10,21
2015/10/09 16:31:01.101,21,38 /escm/css/tablesorter.css,200,OK,Thread Group 1-3,text,true,10,10,21
2015/10/09 16:31:01.093,34,49 /escm/css/modern_ui/usageGraph/jquery.jqplot.min.css,200,OK,Thread Group 1-2,text,true,10,10,34
2015/10/09 16:31:01.101,29,57 /escm/js/usageGraphJS/excanvas.min.js,200,OK,Thread Group 1-6,text,true,10,10,27
2015/10/09 16:31:01.110,25,50 /escm/css/modern_ui/usageGraph/examples.css,200,OK,Thread Group 1-9,text,true,10,10,24
2015/10/09 16:31:01.111,28,30 /escm/js/jquery.ba-dotimeout.min.js,200,OK,Thread Group 1-7,text,true,10,10,28
2015/10/09 16:31:01.112,38,57 /escm/js/usageGraphJS/excanvas.min.js,200,OK,Thread Group 1-1,text,true,10,10,36
2015/10/09 16:31:01.118,36,38 /escm/css/tablesorter.css,200,OK,Thread Group 1-8,text,true,10,10,36
2015/10/09 16:31:01.103,56,61 /escm/js/clearinput.js,200,OK,Thread Group 1-5,text,true,10,10,56
2015/10/09 16:31:01.119,41,37 /escm/css/modern_ui/usageGraph/jquery.jqplot.css,200,OK,Thread Group 1-10,text,true,10,10,41
2015/10/09 16:31:01.123,42,30 /escm/js/jquery.ba-dotimeout.min.js,200,OK,Thread Group 1-4,text,true,10,10,42
2015/10/09 16:31:01.123,43,37 /escm/css/modern_ui/usageGraph/jquery.jqplot.css,200,OK,Thread Group 1-3,text,true,10,10,42
2015/10/09 16:31:01.131,39,69 /escm/css/modern_ui/images/dropDown.png,200,OK,Thread Group 1-6,bin,true,10,10,39
2015/10/09 16:31:01.129,42,45 /escm/js/placeholders.min.js,200,OK,Thread Group 1-2,text,true,10,10,41
2015/10/09 16:31:01.136,40,47 /escm/js/jquery.slimscroll.min.js,200,OK,Thread Group 1-9,text,true,10,10,40
2015/10/09 16:31:01.141,39,28 /escm/js/jquery.blockUI.js,200,OK,Thread Group 1-7,text,true,10,10,38
2015/10/09 16:31:01.151,30,69 /escm/css/modern_ui/images/dropDown.png,200,OK,Thread Group 1-1,bin,true,10,10,30
2015/10/09 16:31:01.156,30,37 /escm/css/modern_ui/usageGraph/jquery.jqplot.css,200,OK,Thread Group 1-8,text,true,10,10,29
2015/10/09 16:31:01.161,31,52 /escm/js/escm_alert.js,200,OK,Thread Group 1-10,text,true,10,10,31
2015/10/09 16:31:01.166,36,28 /escm/js/jquery.blockUI.js,200,OK,Thread Group 1-4,text,true,10,10,34
2015/10/09 16:31:01.160,45,58 /escm/js/jquery.elastic.source.js,200,OK,Thread Group 1-5,text,true,10,10,44
2015/10/09 16:31:01.167,42,52 /escm/js/escm_alert.js,200,OK,Thread Group 1-3,text,true,10,10,42
2015/10/09 16:31:01.171,40,48 /escm/js/main.js,200,OK,Thread Group 1-6,text,true,10,10,39
2015/10/09 16:31:01.173,42,50 /escm/css/modern_ui/usageGraph/examples.css,200,OK,Thread Group 1-2,text,true,10,10,42
2015/10/09 16:31:01.178,41,57 /escm/js/usageGraphJS/excanvas.min.js,200,OK,Thread Group 1-9,text,true,10,10,39
2015/10/09 16:31:01.182,39,32 /escm/js/jquery-validate/jquery.metadata.js,200,OK,Thread Group 1-7,text,true,10,10,38
2015/10/09 16:31:01.182,43,48 /escm/js/main.js,200,OK,Thread Group 1-1,text,true,10,10,43
2015/10/09 16:31:01.187,41,52 /escm/js/escm_alert.js,200,OK,Thread Group 1-8,text,true,10,10,40
2015/10/09 16:31:01.194,35,61 /escm/js/clearinput.js,200,OK,Thread Group 1-10,text,true,10,10,35
2015/10/09 16:31:01.203,31,32 /escm/js/jquery-validate/jquery.metadata.js,200,OK,Thread Group 1-4,text,true,10,10,31
2015/10/09 16:31:01.210,29,61 /escm/js/clearinput.js,200,OK,Thread Group 1-3,text,true,10,10,29
2015/10/09 16:31:01.212,35,38 /escm/css/tablesorter.css,200,OK,Thread Group 1-6,text,true,10,10,35
2015/10/09 16:31:01.216,35,47 /escm/js/jquery.slimscroll.min.js,200,OK,Thread Group 1-2,text,true,10,10,34
2015/10/09 16:31:01.220,37,69 /escm/css/modern_ui/images/dropDown.png,200,OK,Thread Group 1-9,bin,true,10,10,37
2015/10/09 16:31:01.222,40,31 /escm/js/datatable.js,200,OK,Thread Group 1-7,text,true,10,10,40
2015/10/09 16:31:01.226,40,38 /escm/css/tablesorter.css,200,OK,Thread Group 1-1,text,true,10,10,40
2015/10/09 16:31:01.207,63,44 /escm/js/usageGraphJS/jquery.jqplot.min.js,200,OK,Thread Group 1-5,text,true,10,10,47
2015/10/09 16:31:01.231,42,58 /escm/js/jquery.elastic.source.js,200,OK,Thread Group 1-10,text,true,10,10,41
2015/10/09 16:31:01.233,41,61 /escm/js/clearinput.js,200,OK,Thread Group 1-8,text,true,10,10,41
2015/10/09 16:31:01.236,42,31 /escm/js/datatable.js,200,OK,Thread Group 1-4,text,true,10,10,42
2015/10/09 16:31:01.241,39,58 /escm/js/jquery.elastic.source.js,200,OK,Thread Group 1-3,text,true,10,10,39
2015/10/09 16:31:01.250,35,37 /escm/css/modern_ui/usageGraph/jquery.jqplot.css,200,OK,Thread Group 1-6,text,true,10,10,34
2015/10/09 16:31:01.252,36,57 /escm/js/usageGraphJS/excanvas.min.js,200,OK,Thread Group 1-2,text,true,10,10,35
2015/10/09 16:31:01.258,35,48 /escm/js/main.js,200,OK,Thread Group 1-9,text,true,10,10,34
2015/10/09 16:31:01.264,30,36 /escm/js/jquery-validate/additional-methods.min.js,200,OK,Thread Group 1-7,text,true,10,10,30
2015/10/09 16:31:01.267,34,37 /escm/css/modern_ui/usageGraph/jquery.jqplot.css,200,OK,Thread Group 1-1,text,true,10,10,32
2015/10/09 16:31:01.271,31,56 /escm/js/usageGraphJS/jqplot.canvasAxisLabelRenderer.min.js,200,OK,Thread Group 1-5,text,true,10,10,31
2015/10/09 16:31:01.276,31,58 /escm/js/jquery.elastic.source.js,200,OK,Thread Group 1-8,text,true,10,10,31
2015/10/09 16:31:01.279,34,36 /escm/js/jquery-validate/additional-methods.min.js,200,OK,Thread Group 1-4,text,true,10,10,34
2015/10/09 16:31:01.274,69,44 /escm/js/usageGraphJS/jquery.jqplot.min.js,200,OK,Thread Group 1-10,text,true,10,10,49
2015/10/09 16:31:01.286,64,52 /escm/js/escm_alert.js,200,OK,Thread Group 1-6,text,true,10,10,63
2015/10/09 16:31:01.281,71,44 /escm/js/usageGraphJS/jquery.jqplot.min.js,200,OK,Thread Group 1-3,text,true,10,10,54
2015/10/09 16:31:01.289,66,69 /escm/css/modern_ui/images/dropDown.png,200,OK,Thread Group 1-2,bin,true,10,10,66
2015/10/09 16:31:01.294,62,38 /escm/css/tablesorter.css,200,OK,Thread Group 1-9,text,true,10,10,62
2015/10/09 16:31:01.302,61,52 /escm/js/escm_alert.js,200,OK,Thread Group 1-1,text,true,10,10,60
2015/10/09 16:31:01.295,72,35 /escm/js/jquery.qtip-1.0.0-rc3.min.js,200,OK,Thread Group 1-7,text,true,10,10,70
2015/10/09 16:31:01.303,69,40 /escm/js/usageGraphJS/jqplot.pointLabels.min.js,200,OK,Thread Group 1-5,text,true,10,10,68
2015/10/09 16:31:01.314,69,35 /escm/js/jquery.qtip-1.0.0-rc3.min.js,200,OK,Thread Group 1-4,text,true,10,10,67
2015/10/09 16:31:01.344,48,56 /escm/js/usageGraphJS/jqplot.canvasAxisLabelRenderer.min.js,200,OK,Thread Group 1-10,text,true,10,10,47
2015/10/09 16:31:01.351,47,61 /escm/js/clearinput.js,200,OK,Thread Group 1-6,text,true,10,10,47
2015/10/09 16:31:01.308,97,44 /escm/js/usageGraphJS/jquery.jqplot.min.js,200,OK,Thread Group 1-8,text,true,10,10,80
2015/10/09 16:31:01.353,53,56 /escm/js/usageGraphJS/jqplot.canvasAxisLabelRenderer.min.js,200,OK,Thread Group 1-3,text,true,10,10,52
2015/10/09 16:31:01.357,55,37 /escm/css/modern_ui/usageGraph/jquery.jqplot.css,200,OK,Thread Group 1-9,text,true,10,10,55
2015/10/09 16:31:01.357,55,48 /escm/js/main.js,200,OK,Thread Group 1-2,text,true,10,10,55
2015/10/09 16:31:01.368,50,49 /escm/css/modern_ui/usageGraph/jquery.jqplot.min.css,200,OK,Thread Group 1-7,text,true,10,10,50
2015/10/09 16:31:01.364,55,61 /escm/js/clearinput.js,200,OK,Thread Group 1-1,text,true,10,10,55
2015/10/09 16:31:01.373,53,54 /escm/js/usageGraphJS/jqplot.canvasAxisTickRenderer.min.js,200,OK,Thread Group 1-5,text,true,10,10,52
2015/10/09 16:31:01.385,41,49 /escm/css/modern_ui/usageGraph/jquery.jqplot.min.css,200,OK,Thread Group 1-4,text,true,10,10,40
2015/10/09 16:31:01.393,34,58 /escm/js/jquery.elastic.source.js,200,OK,Thread Group 1-6,text,true,10,10,33
2015/10/09 16:31:01.393,40,40 /escm/js/usageGraphJS/jqplot.pointLabels.min.js,200,OK,Thread Group 1-10,text,true,10,10,40
2015/10/09 16:31:01.406,33,56 /escm/js/usageGraphJS/jqplot.canvasAxisLabelRenderer.min.js,200,OK,Thread Group 1-8,text,true,10,10,31
2015/10/09 16:31:01.407,33,40 /escm/js/usageGraphJS/jqplot.pointLabels.min.js,200,OK,Thread Group 1-3,text,true,10,10,33
2015/10/09 16:31:01.413,30,38 /escm/css/tablesorter.css,200,OK,Thread Group 1-2,text,true,10,10,30
2015/10/09 16:31:01.413,34,52 /escm/js/escm_alert.js,200,OK,Thread Group 1-9,text,true,10,10,33
2015/10/09 16:31:01.419,29,45 /escm/js/placeholders.min.js,200,OK,Thread Group 1-7,text,true,10,10,29
2015/10/09 16:31:01.420,34,58 /escm/js/jquery.elastic.source.js,200,OK,Thread Group 1-1,text,true,10,10,33
2015/10/09 16:31:01.427,29,42 /escm/js/usageGraphJS/jqplot.highlighter.min.js,200,OK,Thread Group 1-5,text,true,10,10,29
2015/10/09 16:31:01.427,34,45 /escm/js/placeholders.min.js,200,OK,Thread Group 1-4,text,true,10,10,33
2015/10/09 16:31:01.434,29,54 /escm/js/usageGraphJS/jqplot.canvasAxisTickRenderer.min.js,200,OK,Thread Group 1-10,text,true,10,10,29
2015/10/09 16:31:01.440,28,40 /escm/js/usageGraphJS/jqplot.pointLabels.min.js,200,OK,Thread Group 1-8,text,true,10,10,28
2015/10/09 16:31:01.441,33,54 /escm/js/usageGraphJS/jqplot.canvasAxisTickRenderer.min.js,200,OK,Thread Group 1-3,text,true,10,10,32
2015/10/09 16:31:01.444,35,37 /escm/css/modern_ui/usageGraph/jquery.jqplot.css,200,OK,Thread Group 1-2,text,true,10,10,35
2015/10/09 16:31:01.448,38,61 /escm/js/clearinput.js,200,OK,Thread Group 1-9,text,true,10,10,36
2015/10/09 16:31:01.449,42,50 /escm/css/modern_ui/usageGraph/examples.css,200,OK,Thread Group 1-7,text,true,10,10,42
2015/10/09 16:31:01.434,69,44 /escm/js/usageGraphJS/jquery.jqplot.min.js,200,OK,Thread Group 1-6,text,true,10,10,52
2015/10/09 16:31:01.457,57,53 /escm/js/usageGraphJS/jqplot.cursor.min.js,200,OK,Thread Group 1-5,text,true,10,10,56
2015/10/09 16:31:01.462,60,50 /escm/css/modern_ui/usageGraph/examples.css,200,OK,Thread Group 1-4,text,true,10,10,60
2015/10/09 16:31:01.464,65,42 /escm/js/usageGraphJS/jqplot.highlighter.min.js,200,OK,Thread Group 1-10,text,true,10,10,63
2015/10/09 16:31:01.455,74,44 /escm/js/usageGraphJS/jquery.jqplot.min.js,200,OK,Thread Group 1-1,text,true,10,10,58
2015/10/09 16:31:01.469,66,54 /escm/js/usageGraphJS/jqplot.canvasAxisTickRenderer.min.js,200,OK,Thread Group 1-8,text,true,10,10,66
2015/10/09 16:31:01.475,61,42 /escm/js/usageGraphJS/jqplot.highlighter.min.js,200,OK,Thread Group 1-3,text,true,10,10,60
2015/10/09 16:31:01.480,62,52 /escm/js/escm_alert.js,200,OK,Thread Group 1-2,text,true,10,10,61
2015/10/09 16:31:01.487,56,58 /escm/js/jquery.elastic.source.js,200,OK,Thread Group 1-9,text,true,10,10,55
2015/10/09 16:31:01.492,56,47 /escm/js/jquery.slimscroll.min.js,200,OK,Thread Group 1-7,text,true,10,10,55
2015/10/09 16:31:01.504,45,56 /escm/js/usageGraphJS/jqplot.canvasAxisLabelRenderer.min.js,200,OK,Thread Group 1-6,text,true,10,10,45
2015/10/09 16:31:01.523,34,47 /escm/js/jquery.slimscroll.min.js,200,OK,Thread Group 1-4,text,true,10,10,32
2015/10/09 16:31:01.530,33,56 /escm/js/usageGraphJS/jqplot.canvasAxisLabelRenderer.min.js,200,OK,Thread Group 1-1,text,true,10,10,32
2015/10/09 16:31:01.516,54,62 /escm/js/slideBlock.js,200,OK,Thread Group 1-5,text,true,10,10,54
2015/10/09 16:31:01.530,41,53 /escm/js/usageGraphJS/jqplot.cursor.min.js,200,OK,Thread Group 1-10,text,true,10,10,40
2015/10/09 16:31:01.537,40,42 /escm/js/usageGraphJS/jqplot.highlighter.min.js,200,OK,Thread Group 1-8,text,true,10,10,40
2015/10/09 16:31:01.537,44,53 /escm/js/usageGraphJS/jqplot.cursor.min.js,200,OK,Thread Group 1-3,text,true,10,10,43
2015/10/09 16:31:01.543,40,61 /escm/js/clearinput.js,200,OK,Thread Group 1-2,text,true,10,10,39
2015/10/09 16:31:01.549,42,57 /escm/js/usageGraphJS/excanvas.min.js,200,OK,Thread Group 1-7,text,true,10,10,42
2015/10/09 16:31:01.551,47,40 /escm/js/usageGraphJS/jqplot.pointLabels.min.js,200,OK,Thread Group 1-6,text,true,10,10,46
2015/10/09 16:31:01.558,48,57 /escm/js/usageGraphJS/excanvas.min.js,200,OK,Thread Group 1-4,text,true,10,10,48
2015/10/09 16:31:01.564,48,40 /escm/js/usageGraphJS/jqplot.pointLabels.min.js,200,OK,Thread Group 1-1,text,true,10,10,48
2015/10/09 16:31:01.548,75,44 /escm/js/usageGraphJS/jquery.jqplot.min.js,200,OK,Thread Group 1-9,text,true,10,10,58
2015/10/09 16:31:01.572,58,62 /escm/js/slideBlock.js,200,OK,Thread Group 1-10,text,true,10,10,57
2015/10/09 16:31:01.571,66,63 /escm/js/panels.js,200,OK,Thread Group 1-5,text,true,10,10,66
2015/10/09 16:31:01.578,62,53 /escm/js/usageGraphJS/jqplot.cursor.min.js,200,OK,Thread Group 1-8,text,true,10,10,61
2015/10/09 16:31:01.582,62,62 /escm/js/slideBlock.js,200,OK,Thread Group 1-3,text,true,10,10,60
2015/10/09 16:31:01.584,62,58 /escm/js/jquery.elastic.source.js,200,OK,Thread Group 1-2,text,true,10,10,62
2015/10/09 16:31:01.593,55,69 /escm/css/modern_ui/images/dropDown.png,200,OK,Thread Group 1-7,bin,true,10,10,55
2015/10/09 16:31:01.599,45,69 /escm/css/modern_ui/images/dropDown.png,200,OK,Thread Group 1-4,bin,true,10,10,45
2015/10/09 16:31:01.599,54,54 /escm/js/usageGraphJS/jqplot.canvasAxisTickRenderer.min.js,200,OK,Thread Group 1-6,text,true,10,10,54
2015/10/09 16:31:01.614,46,54 /escm/js/usageGraphJS/jqplot.canvasAxisTickRenderer.min.js,200,OK,Thread Group 1-1,text,true,10,10,46
2015/10/09 16:31:01.624,36,56 /escm/js/usageGraphJS/jqplot.canvasAxisLabelRenderer.min.js,200,OK,Thread Group 1-9,text,true,10,10,36
2015/10/09 16:31:01.631,36,63 /escm/js/panels.js,200,OK,Thread Group 1-10,text,true,10,10,36
2015/10/09 16:31:01.641,32,62 /escm/js/slideBlock.js,200,OK,Thread Group 1-8,text,true,10,10,31
2015/10/09 16:31:01.645,34,63 /escm/js/panels.js,200,OK,Thread Group 1-3,text,true,10,10,34
2015/10/09 16:31:01.638,48,34 /escm/css/modern_ui/jquery.multiselect.css,200,OK,Thread Group 1-5,text,true,10,10,48
2015/10/09 16:31:01.649,45,48 /escm/js/main.js,200,OK,Thread Group 1-7,text,true,10,10,43
2015/10/09 16:31:01.655,46,42 /escm/js/usageGraphJS/jqplot.highlighter.min.js,200,OK,Thread Group 1-6,text,true,10,10,45
2015/10/09 16:31:01.655,53,48 /escm/js/main.js,200,OK,Thread Group 1-4,text,true,10,10,53
2015/10/09 16:31:01.662,53,40 /escm/js/usageGraphJS/jqplot.pointLabels.min.js,200,OK,Thread Group 1-9,text,true,10,10,52
2015/10/09 16:31:01.647,72,44 /escm/js/usageGraphJS/jquery.jqplot.min.js,200,OK,Thread Group 1-2,text,true,10,10,60
2015/10/09 16:31:01.662,61,42 /escm/js/usageGraphJS/jqplot.highlighter.min.js,200,OK,Thread Group 1-1,text,true,10,10,61
2015/10/09 16:31:01.668,56,34 /escm/css/modern_ui/jquery.multiselect.css,200,OK,Thread Group 1-10,text,true,10,10,56
2015/10/09 16:31:01.680,50,34 /escm/css/modern_ui/jquery.multiselect.css,200,OK,Thread Group 1-3,text,true,10,10,50
2015/10/09 16:31:01.674,56,63 /escm/js/panels.js,200,OK,Thread Group 1-8,text,true,10,10,55
2015/10/09 16:31:01.695,41,38 /escm/css/tablesorter.css,200,OK,Thread Group 1-7,text,true,10,10,41
2015/10/09 16:31:01.702,42,53 /escm/js/usageGraphJS/jqplot.cursor.min.js,200,OK,Thread Group 1-6,text,true,10,10,42
2015/10/09 16:31:01.709,41,38 /escm/css/tablesorter.css,200,OK,Thread Group 1-4,text,true,10,10,41
2015/10/09 16:31:01.716,41,54 /escm/js/usageGraphJS/jqplot.canvasAxisTickRenderer.min.js,200,OK,Thread Group 1-9,text,true,10,10,41
2015/10/09 16:31:01.688,73,33 /escm/js/jquery.tablesorter.js,200,OK,Thread Group 1-5,text,true,10,10,71
2015/10/09 16:31:01.721,43,56 /escm/js/usageGraphJS/jqplot.canvasAxisLabelRenderer.min.js,200,OK,Thread Group 1-2,text,true,10,10,43
2015/10/09 16:31:01.724,46,53 /escm/js/usageGraphJS/jqplot.cursor.min.js,200,OK,Thread Group 1-1,text,true,10,10,44
2015/10/09 16:31:01.726,51,33 /escm/js/jquery.tablesorter.js,200,OK,Thread Group 1-10,text,true,10,10,49
2015/10/09 16:31:01.731,50,33 /escm/js/jquery.tablesorter.js,200,OK,Thread Group 1-3,text,true,10,10,49
2015/10/09 16:31:01.731,53,34 /escm/css/modern_ui/jquery.multiselect.css,200,OK,Thread Group 1-8,text,true,10,10,53
2015/10/09 16:31:01.737,50,37 /escm/css/modern_ui/usageGraph/jquery.jqplot.css,200,OK,Thread Group 1-7,text,true,10,10,49
2015/10/09 16:31:01.745,46,62 /escm/js/slideBlock.js,200,OK,Thread Group 1-6,text,true,10,10,46
2015/10/09 16:31:01.752,41,37 /escm/css/modern_ui/usageGraph/jquery.jqplot.css,200,OK,Thread Group 1-4,text,true,10,10,40
2015/10/09 16:31:01.758,40,42 /escm/js/usageGraphJS/jqplot.highlighter.min.js,200,OK,Thread Group 1-9,text,true,10,10,40
2015/10/09 16:31:01.762,40,55 /escm/js/usageGraphJS/jqplot.dateAxisRenderer.min.js,200,OK,Thread Group 1-5,text,true,10,10,39
2015/10/09 16:31:01.766,40,40 /escm/js/usageGraphJS/jqplot.pointLabels.min.js,200,OK,Thread Group 1-2,text,true,10,10,38
2015/10/09 16:31:01.771,36,62 /escm/js/slideBlock.js,200,OK,Thread Group 1-1,text,true,10,10,36
2015/10/09 16:31:01.778,35,55 /escm/js/usageGraphJS/jqplot.dateAxisRenderer.min.js,200,OK,Thread Group 1-10,text,true,10,10,34
2015/10/09 16:31:01.782,33,55 /escm/js/usageGraphJS/jqplot.dateAxisRenderer.min.js,200,OK,Thread Group 1-3,text,true,10,10,32
2015/10/09 16:31:01.788,32,52 /escm/js/escm_alert.js,200,OK,Thread Group 1-7,text,true,10,10,32
2015/10/09 16:31:01.785,39,33 /escm/js/jquery.tablesorter.js,200,OK,Thread Group 1-8,text,true,10,10,38
2015/10/09 16:31:01.792,35,63 /escm/js/panels.js,200,OK,Thread Group 1-6,text,true,10,10,34
2015/10/09 16:31:01.794,38,52 /escm/js/escm_alert.js,200,OK,Thread Group 1-4,text,true,10,10,37
2015/10/09 16:31:01.799,38,53 /escm/js/usageGraphJS/jqplot.cursor.min.js,200,OK,Thread Group 1-9,text,true,10,10,36
2015/10/09 16:31:01.807,35,54 /escm/js/usageGraphJS/jqplot.canvasAxisTickRenderer.min.js,200,OK,Thread Group 1-2,text,true,10,10,35
2015/10/09 16:31:01.808,42,63 /escm/js/panels.js,200,OK,Thread Group 1-1,text,true,10,10,42
2015/10/09 16:31:01.803,53,51 /escm/js/jquery.scrollToTop.min.js,200,OK,Thread Group 1-5,text,true,10,10,53
2015/10/09 16:31:01.816,46,51 /escm/js/jquery.scrollToTop.min.js,200,OK,Thread Group 1-3,text,true,10,10,46
2015/10/09 16:31:01.821,47,61 /escm/js/clearinput.js,200,OK,Thread Group 1-7,text,true,10,10,47
2015/10/09 16:31:01.814,58,51 /escm/js/jquery.scrollToTop.min.js,200,OK,Thread Group 1-10,text,true,10,10,58
2015/10/09 16:31:01.825,52,55 /escm/js/usageGraphJS/jqplot.dateAxisRenderer.min.js,200,OK,Thread Group 1-8,text,true,10,10,51
2015/10/09 16:31:01.828,49,34 /escm/css/modern_ui/jquery.multiselect.css,200,OK,Thread Group 1-6,text,true,10,10,49
2015/10/09 16:31:01.838,45,62 /escm/js/slideBlock.js,200,OK,Thread Group 1-9,text,true,10,10,45
2015/10/09 16:31:01.833,50,61 /escm/js/clearinput.js,200,OK,Thread Group 1-4,text,true,10,10,50
2015/10/09 16:31:01.851,38,34 /escm/css/modern_ui/jquery.multiselect.css,200,OK,Thread Group 1-1,text,true,10,10,38
2015/10/09 16:31:01.844,45,42 /escm/js/usageGraphJS/jqplot.highlighter.min.js,200,OK,Thread Group 1-2,text,true,10,10,45
2015/10/09 16:31:01.863,68,59 /escm/js/jquery.ui.timepicker.js,200,OK,Thread Group 1-3,text,true,10,10,65
2015/10/09 16:31:01.878,57,51 /escm/js/jquery.scrollToTop.min.js,200,OK,Thread Group 1-8,text,true,10,10,57
2015/10/09 16:31:01.870,68,58 /escm/js/jquery.elastic.source.js,200,OK,Thread Group 1-7,text,true,10,10,67
2015/10/09 16:31:01.884,59,63 /escm/js/panels.js,200,OK,Thread Group 1-9,text,true,10,10,59
2015/10/09 16:31:01.878,70,33 /escm/js/jquery.tablesorter.js,200,OK,Thread Group 1-6,text,true,10,10,69
2015/10/09 16:31:01.885,65,58 /escm/js/jquery.elastic.source.js,200,OK,Thread Group 1-4,text,true,10,10,65
2015/10/09 16:31:01.891,67,53 /escm/js/usageGraphJS/jqplot.cursor.min.js,200,OK,Thread Group 1-2,text,true,10,10,67
2015/10/09 16:31:01.890,71,33 /escm/js/jquery.tablesorter.js,200,OK,Thread Group 1-1,text,true,10,10,70
2015/10/09 16:31:01.933,51,46 /escm/js/MonthPicker.min.js,200,OK,Thread Group 1-3,text,true,10,10,51
2015/10/09 16:31:01.873,114,59 /escm/js/jquery.ui.timepicker.js,200,OK,Thread Group 1-10,text,true,10,10,112
2015/10/09 16:31:01.944,46,34 /escm/css/modern_ui/jquery.multiselect.css,200,OK,Thread Group 1-9,text,true,10,10,46
2015/10/09 16:31:01.949,47,55 /escm/js/usageGraphJS/jqplot.dateAxisRenderer.min.js,200,OK,Thread Group 1-6,text,true,10,10,46
2015/10/09 16:31:01.939,84,44 /escm/js/usageGraphJS/jquery.jqplot.min.js,200,OK,Thread Group 1-7,text,true,10,10,69
2015/10/09 16:31:01.959,69,62 /escm/js/slideBlock.js,200,OK,Thread Group 1-2,text,true,10,10,69
2015/10/09 16:31:01.951,83,44 /escm/js/usageGraphJS/jquery.jqplot.min.js,200,OK,Thread Group 1-4,text,true,10,10,68
2015/10/09 16:31:01.962,73,55 /escm/js/usageGraphJS/jqplot.dateAxisRenderer.min.js,200,OK,Thread Group 1-1,text,true,10,10,72
2015/10/09 16:31:01.988,55,46 /escm/js/MonthPicker.min.js,200,OK,Thread Group 1-10,text,true,10,10,54
2015/10/09 16:31:01.997,51,51 /escm/js/jquery.scrollToTop.min.js,200,OK,Thread Group 1-6,text,true,10,10,51
2015/10/09 16:31:01.991,59,33 /escm/js/jquery.tablesorter.js,200,OK,Thread Group 1-9,text,true,10,10,56
2015/10/09 16:31:02.029,26,63 /escm/js/panels.js,200,OK,Thread Group 1-2,text,true,10,10,25
2015/10/09 16:31:02.024,33,56 /escm/js/usageGraphJS/jqplot.canvasAxisLabelRenderer.min.js,200,OK,Thread Group 1-7,text,true,10,10,30
2015/10/09 16:31:02.036,24,51 /escm/js/jquery.scrollToTop.min.js,200,OK,Thread Group 1-1,text,true,10,10,23
2015/10/09 16:31:02.035,27,56 /escm/js/usageGraphJS/jqplot.canvasAxisLabelRenderer.min.js,200,OK,Thread Group 1-4,text,true,10,10,27
2015/10/09 16:31:02.049,28,59 /escm/js/jquery.ui.timepicker.js,200,OK,Thread Group 1-6,text,true,10,10,25
2015/10/09 16:31:02.044,38,66 /escm/images/myAccount.png,200,OK,Thread Group 1-10,bin,true,10,10,38
2015/10/09 16:31:02.051,32,55 /escm/js/usageGraphJS/jqplot.dateAxisRenderer.min.js,200,OK,Thread Group 1-9,text,true,10,10,32
2015/10/09 16:31:02.056,31,34 /escm/css/modern_ui/jquery.multiselect.css,200,OK,Thread Group 1-2,text,true,10,10,31
2015/10/09 16:31:02.058,33,40 /escm/js/usageGraphJS/jqplot.pointLabels.min.js,200,OK,Thread Group 1-7,text,true,10,10,31
2015/10/09 16:31:01.858,241,59 /escm/js/jquery.ui.timepicker.js,200,OK,Thread Group 1-5,text,true,10,10,239
2015/10/09 16:31:01.985,118,66 /escm/images/myAccount.png,200,OK,Thread Group 1-3,bin,true,10,10,115
2015/10/09 16:31:02.083,26,68 /escm/css/modern_ui/images/CP_login.png,200,OK,Thread Group 1-10,bin,true,10,10,26
2015/10/09 16:31:02.084,29,51 /escm/js/jquery.scrollToTop.min.js,200,OK,Thread Group 1-9,text,true,10,10,29
2015/10/09 16:31:02.078,43,46 /escm/js/MonthPicker.min.js,200,OK,Thread Group 1-6,text,true,10,10,40
2015/10/09 16:31:02.061,62,59 /escm/js/jquery.ui.timepicker.js,200,OK,Thread Group 1-1,text,true,10,10,60
2015/10/09 16:31:02.088,37,33 /escm/js/jquery.tablesorter.js,200,OK,Thread Group 1-2,text,true,10,10,36
2015/10/09 16:31:02.104,27,68 /escm/css/modern_ui/images/CP_login.png,200,OK,Thread Group 1-3,bin,true,10,10,27
2015/10/09 16:31:02.092,40,54 /escm/js/usageGraphJS/jqplot.canvasAxisTickRenderer.min.js,200,OK,Thread Group 1-7,text,true,10,10,40
2015/10/09 16:31:02.100,38,46 /escm/js/MonthPicker.min.js,200,OK,Thread Group 1-5,text,true,10,10,37
2015/10/09 16:31:02.122,25,66 /escm/images/myAccount.png,200,OK,Thread Group 1-6,bin,true,10,10,24
2015/10/09 16:31:02.114,37,59 /escm/js/jquery.ui.timepicker.js,200,OK,Thread Group 1-9,text,true,10,10,34
2015/10/09 16:31:02.125,30,46 /escm/js/MonthPicker.min.js,200,OK,Thread Group 1-1,text,true,10,10,29
2015/10/09 16:31:02.110,65,67 /escm/images/settings.png,200,OK,Thread Group 1-10,bin,true,10,10,64
2015/10/09 16:31:02.132,45,67 /escm/images/settings.png,200,OK,Thread Group 1-3,bin,true,10,10,45
2015/10/09 16:31:02.133,49,42 /escm/js/usageGraphJS/jqplot.highlighter.min.js,200,OK,Thread Group 1-7,text,true,10,10,48
2015/10/09 16:31:02.139,45,66 /escm/images/myAccount.png,200,OK,Thread Group 1-5,bin,true,10,10,45
2015/10/09 16:31:02.148,38,68 /escm/css/modern_ui/images/CP_login.png,200,OK,Thread Group 1-6,bin,true,10,10,38
2015/10/09 16:31:02.152,37,46 /escm/js/MonthPicker.min.js,200,OK,Thread Group 1-9,text,true,10,10,37
2015/10/09 16:31:02.156,34,66 /escm/images/myAccount.png,200,OK,Thread Group 1-1,bin,true,10,10,33
2015/10/09 16:31:02.126,70,55 /escm/js/usageGraphJS/jqplot.dateAxisRenderer.min.js,200,OK,Thread Group 1-2,text,true,10,10,70
2015/10/09 16:31:01.937,271,59 /escm/js/jquery.ui.timepicker.js,200,OK,Thread Group 1-8,text,true,10,10,269
2015/10/09 16:31:02.185,28,68 /escm/css/modern_ui/images/CP_login.png,200,OK,Thread Group 1-5,bin,true,10,10,28
2015/10/09 16:31:02.063,154,40 /escm/js/usageGraphJS/jqplot.pointLabels.min.js,200,OK,Thread Group 1-4,text,true,10,10,62
2015/10/09 16:31:02.188,31,67 /escm/images/settings.png,200,OK,Thread Group 1-6,bin,true,10,10,31
2015/10/09 16:31:02.190,33,66 /escm/images/myAccount.png,200,OK,Thread Group 1-9,bin,true,10,10,33
2015/10/09 16:31:02.191,33,68 /escm/css/modern_ui/images/CP_login.png,200,OK,Thread Group 1-1,bin,true,10,10,32
2015/10/09 16:31:02.197,32,51 /escm/js/jquery.scrollToTop.min.js,200,OK,Thread Group 1-2,text,true,10,10,32
2015/10/09 16:31:02.209,22,46 /escm/js/MonthPicker.min.js,200,OK,Thread Group 1-8,text,true,10,10,21
2015/10/09 16:31:02.214,19,67 /escm/images/settings.png,200,OK,Thread Group 1-5,bin,true,10,10,19
2015/10/09 16:31:02.218,19,54 /escm/js/usageGraphJS/jqplot.canvasAxisTickRenderer.min.js,200,OK,Thread Group 1-4,text,true,10,10,18
2015/10/09 16:31:02.224,18,68 /escm/css/modern_ui/images/CP_login.png,200,OK,Thread Group 1-9,bin,true,10,10,18
2015/10/09 16:31:02.225,17,67 /escm/images/settings.png,200,OK,Thread Group 1-1,bin,true,10,10,17
2015/10/09 16:31:02.232,15,66 /escm/images/myAccount.png,200,OK,Thread Group 1-8,bin,true,10,10,15
2015/10/09 16:31:02.230,28,59 /escm/js/jquery.ui.timepicker.js,200,OK,Thread Group 1-2,text,true,10,10,26
2015/10/09 16:31:02.238,27,42 /escm/js/usageGraphJS/jqplot.highlighter.min.js,200,OK,Thread Group 1-4,text,true,10,10,27
2015/10/09 16:31:02.243,28,67 /escm/images/settings.png,200,OK,Thread Group 1-9,bin,true,10,10,28
2015/10/09 16:31:02.176,101,70 /escm/css/modern_ui/images/myCatalog.png,200,OK,Thread Group 1-10,bin,true,10,10,101
2015/10/09 16:31:02.248,33,68 /escm/css/modern_ui/images/CP_login.png,200,OK,Thread Group 1-8,bin,true,10,10,33
2015/10/09 16:31:02.259,29,46 /escm/js/MonthPicker.min.js,200,OK,Thread Group 1-2,text,true,10,10,28
2015/10/09 16:31:02.266,30,53 /escm/js/usageGraphJS/jqplot.cursor.min.js,200,OK,Thread Group 1-4,text,true,10,10,29
2015/10/09 16:31:02.272,29,70 /escm/css/modern_ui/images/myCatalog.png,200,OK,Thread Group 1-9,bin,true,10,10,29
2015/10/09 16:31:02.278,31,64 /escm/css/modern_ui/images/myDashboard.png,200,OK,Thread Group 1-10,bin,true,10,10,31
2015/10/09 16:31:02.220,93,70 /escm/css/modern_ui/images/myCatalog.png,200,OK,Thread Group 1-6,bin,true,10,10,92
2015/10/09 16:31:02.282,33,67 /escm/images/settings.png,200,OK,Thread Group 1-8,bin,true,10,10,33
2015/10/09 16:31:02.289,28,66 /escm/images/myAccount.png,200,OK,Thread Group 1-2,bin,true,10,10,28
2015/10/09 16:31:02.298,21,62 /escm/js/slideBlock.js,200,OK,Thread Group 1-4,text,true,10,10,20
2015/10/09 16:31:02.302,19,64 /escm/css/modern_ui/images/myDashboard.png,200,OK,Thread Group 1-9,bin,true,10,10,19
2015/10/09 16:31:02.314,13,64 /escm/css/modern_ui/images/myDashboard.png,200,OK,Thread Group 1-6,bin,true,10,10,13
2015/10/09 16:31:02.316,13,70 /escm/css/modern_ui/images/myCatalog.png,200,OK,Thread Group 1-8,bin,true,10,10,13
2015/10/09 16:31:02.318,15,68 /escm/css/modern_ui/images/CP_login.png,200,OK,Thread Group 1-2,bin,true,10,10,15
2015/10/09 16:31:02.320,19,63 /escm/js/panels.js,200,OK,Thread Group 1-4,text,true,10,10,19
2015/10/09 16:31:02.310,32,71 /escm/images/_loading.gif,200,OK,Thread Group 1-10,bin,true,10,10,32
2015/10/09 16:31:02.322,22,71 /escm/images/_loading.gif,200,OK,Thread Group 1-9,bin,true,10,10,22
2015/10/09 16:31:02.328,19,71 /escm/images/_loading.gif,200,OK,Thread Group 1-6,bin,true,10,10,19
2015/10/09 16:31:02.330,19,64 /escm/css/modern_ui/images/myDashboard.png,200,OK,Thread Group 1-8,bin,true,10,10,19
2015/10/09 16:31:02.334,19,67 /escm/images/settings.png,200,OK,Thread Group 1-2,bin,true,10,10,19
2015/10/09 16:31:02.340,15,34 /escm/css/modern_ui/jquery.multiselect.css,200,OK,Thread Group 1-4,text,true,10,10,15
2015/10/09 16:31:02.343,34,65 /escm/images/orders.png,200,OK,Thread Group 1-10,bin,true,10,10,34
2015/10/09 16:31:02.348,31,65 /escm/images/orders.png,200,OK,Thread Group 1-6,bin,true,10,10,31
2015/10/09 16:31:02.351,30,71 /escm/images/_loading.gif,200,OK,Thread Group 1-8,bin,true,10,10,30
2015/10/09 16:31:02.354,29,70 /escm/css/modern_ui/images/myCatalog.png,200,OK,Thread Group 1-2,bin,true,10,10,29
2015/10/09 16:31:02.356,36,33 /escm/js/jquery.tablesorter.js,200,OK,Thread Group 1-4,text,true,10,10,35
2015/10/09 16:31:02.243,170,70 /escm/css/modern_ui/images/myCatalog.png,200,OK,Thread Group 1-1,bin,true,10,10,170
2015/10/09 16:31:02.382,36,65 /escm/images/orders.png,200,OK,Thread Group 1-8,bin,true,10,10,36
2015/10/09 16:31:02.384,39,64 /escm/css/modern_ui/images/myDashboard.png,200,OK,Thread Group 1-2,bin,true,10,10,38
2015/10/09 16:31:02.393,33,55 /escm/js/usageGraphJS/jqplot.dateAxisRenderer.min.js,200,OK,Thread Group 1-4,text,true,10,10,33
2015/10/09 16:31:02.414,12,64 /escm/css/modern_ui/images/myDashboard.png,200,OK,Thread Group 1-1,bin,true,10,10,12
2015/10/09 16:31:02.423,7,71 /escm/images/_loading.gif,200,OK,Thread Group 1-2,bin,true,10,10,7
2015/10/09 16:31:02.427,7,71 /escm/images/_loading.gif,200,OK,Thread Group 1-1,bin,true,10,10,7
2015/10/09 16:31:02.426,13,51 /escm/js/jquery.scrollToTop.min.js,200,OK,Thread Group 1-4,text,true,10,10,12
2015/10/09 16:31:02.419,22,39 /escm/js/jquery.flexslider.js,200,OK,Thread Group 1-8,text,true,10,10,20
2015/10/09 16:31:02.431,12,65 /escm/images/orders.png,200,OK,Thread Group 1-2,bin,true,10,10,12
2015/10/09 16:31:02.435,9,65 /escm/images/orders.png,200,OK,Thread Group 1-1,bin,true,10,10,9
2015/10/09 16:31:02.441,14,43 /escm/js/usageGraphJS/jqplot.canvasTextRenderer.min.js,200,OK,Thread Group 1-8,text,true,10,10,13
2015/10/09 16:31:02.440,18,59 /escm/js/jquery.ui.timepicker.js,200,OK,Thread Group 1-4,text,true,10,10,16
2015/10/09 16:31:02.444,24,39 /escm/js/jquery.flexslider.js,200,OK,Thread Group 1-2,text,true,10,10,22
2015/10/09 16:31:02.445,26,39 /escm/js/jquery.flexslider.js,200,OK,Thread Group 1-1,text,true,10,10,25
2015/10/09 16:31:02.456,20,41 /escm/js/usageGraphJS/jqplot.enhancedLegendRenderer.min.js,200,OK,Thread Group 1-8,text,true,10,10,20
2015/10/09 16:31:02.459,19,46 /escm/js/MonthPicker.min.js,200,OK,Thread Group 1-4,text,true,10,10,18
2015/10/09 16:31:02.469,14,43 /escm/js/usageGraphJS/jqplot.canvasTextRenderer.min.js,200,OK,Thread Group 1-2,text,true,10,10,14
2015/10/09 16:31:02.473,13,43 /escm/js/usageGraphJS/jqplot.canvasTextRenderer.min.js,200,OK,Thread Group 1-1,text,true,10,10,12
2015/10/09 16:31:02.479,11,66 /escm/images/myAccount.png,200,OK,Thread Group 1-4,bin,true,10,10,11
2015/10/09 16:31:02.485,10,41 /escm/js/usageGraphJS/jqplot.enhancedLegendRenderer.min.js,200,OK,Thread Group 1-2,text,true,10,10,10
2015/10/09 16:31:02.487,14,41 /escm/js/usageGraphJS/jqplot.enhancedLegendRenderer.min.js,200,OK,Thread Group 1-1,text,true,10,10,14
2015/10/09 16:31:02.491,15,68 /escm/css/modern_ui/images/CP_login.png,200,OK,Thread Group 1-4,bin,true,10,10,15
2015/10/09 16:31:02.477,30,60 /escm/js/jquery.leanModal.min.js,200,OK,Thread Group 1-8,text,true,10,10,30
2015/10/09 16:31:02.507,7,67 /escm/images/settings.png,200,OK,Thread Group 1-4,bin,true,10,10,6
2015/10/09 16:31:02.508,28,72 /escm/images/bubble.png,200,OK,Thread Group 1-8,bin,true,10,10,28
2015/10/09 16:31:02.515,26,70 /escm/css/modern_ui/images/myCatalog.png,200,OK,Thread Group 1-4,bin,true,10,10,26
2015/10/09 16:31:02.537,13,73 /escm/css/theme/images/ui-icons_ededed_256x240.png,200,OK,Thread Group 1-8,bin,true,10,10,13
2015/10/09 16:31:02.542,322,70 /escm/css/modern_ui/images/myCatalog.png,200,OK,Thread Group 1-5,bin,true,10,10,322
2015/10/09 16:31:02.542,13,64 /escm/css/modern_ui/images/myDashboard.png,200,OK,Thread Group 1-4,bin,true,10,10,13
2015/10/09 16:31:02.502,55,60 /escm/js/jquery.leanModal.min.js,200,OK,Thread Group 1-1,text,true,10,10,55
2015/10/09 16:31:02.496,64,60 /escm/js/jquery.leanModal.min.js,200,OK,Thread Group 1-2,text,true,10,10,64
2015/10/09 16:31:02.551,10,74 /escm/css/theme/images/ui-icons_ffffff_256x240.png,200,OK,Thread Group 1-8,bin,true,10,10,10
2015/10/09 16:30:49.606,10808,User Login as Service Provider,200,"Number of samples in transaction : 66, number of failing samples : 0",Thread Group 1-8,,true,10,10,5860
2015/10/09 16:31:02.556,7,64 /escm/css/modern_ui/images/myDashboard.png,200,OK,Thread Group 1-5,bin,true,10,10,7
2015/10/09 16:31:02.556,10,71 /escm/images/_loading.gif,200,OK,Thread Group 1-4,bin,true,9,9,10
2015/10/09 16:31:02.558,9,72 /escm/images/bubble.png,200,OK,Thread Group 1-1,bin,true,9,9,9
2015/10/09 16:31:02.561,10,72 /escm/images/bubble.png,200,OK,Thread Group 1-2,bin,true,9,9,10
2015/10/09 16:31:02.564,11,71 /escm/images/_loading.gif,200,OK,Thread Group 1-5,bin,true,9,9,10
2015/10/09 16:31:02.183,393,53 /escm/js/usageGraphJS/jqplot.cursor.min.js,200,OK,Thread Group 1-7,text,true,9,9,391
2015/10/09 16:31:02.568,12,65 /escm/images/orders.png,200,OK,Thread Group 1-4,bin,true,9,9,12
2015/10/09 16:31:02.568,11,73 /escm/css/theme/images/ui-icons_ededed_256x240.png,200,OK,Thread Group 1-1,bin,true,9,9,11
2015/10/09 16:31:02.576,8,65 /escm/images/orders.png,200,OK,Thread Group 1-5,bin,true,9,9,8
2015/10/09 16:31:02.572,23,73 /escm/css/theme/images/ui-icons_ededed_256x240.png,200,OK,Thread Group 1-2,bin,true,9,9,23
2015/10/09 16:31:02.580,19,39 /escm/js/jquery.flexslider.js,200,OK,Thread Group 1-4,text,true,9,9,18
2015/10/09 16:31:02.576,25,62 /escm/js/slideBlock.js,200,OK,Thread Group 1-7,text,true,9,9,25
2015/10/09 16:31:02.581,21,74 /escm/css/theme/images/ui-icons_ffffff_256x240.png,200,OK,Thread Group 1-1,bin,true,9,9,21
2015/10/09 16:30:42.422,15134,User Login as Service Provider,200,"Number of samples in transaction : 66, number of failing samples : 0",Thread Group 1-1,,true,9,9,10448
2015/10/09 16:31:02.596,8,74 /escm/css/theme/images/ui-icons_ffffff_256x240.png,200,OK,Thread Group 1-2,bin,true,9,9,8
2015/10/09 16:30:43.403,14849,User Login as Service Provider,200,"Number of samples in transaction : 66, number of failing samples : 0",Thread Group 1-2,,true,9,9,9325
2015/10/09 16:31:02.585,22,39 /escm/js/jquery.flexslider.js,200,OK,Thread Group 1-5,text,true,7,7,20
2015/10/09 16:31:02.602,11,63 /escm/js/panels.js,200,OK,Thread Group 1-7,text,true,7,7,11
2015/10/09 16:31:02.600,15,43 /escm/js/usageGraphJS/jqplot.canvasTextRenderer.min.js,200,OK,Thread Group 1-4,text,true,7,7,11
2015/10/09 16:31:02.608,16,43 /escm/js/usageGraphJS/jqplot.canvasTextRenderer.min.js,200,OK,Thread Group 1-5,text,true,7,7,14
2015/10/09 16:31:02.614,14,34 /escm/css/modern_ui/jquery.multiselect.css,200,OK,Thread Group 1-7,text,true,7,7,14
2015/10/09 16:31:02.616,18,41 /escm/js/usageGraphJS/jqplot.enhancedLegendRenderer.min.js,200,OK,Thread Group 1-4,text,true,7,7,18
2015/10/09 16:31:02.380,255,39 /escm/js/jquery.flexslider.js,200,OK,Thread Group 1-6,text,true,7,7,252
2015/10/09 16:31:02.625,13,41 /escm/js/usageGraphJS/jqplot.enhancedLegendRenderer.min.js,200,OK,Thread Group 1-5,text,true,7,7,12
2015/10/09 16:31:02.635,8,60 /escm/js/jquery.leanModal.min.js,200,OK,Thread Group 1-4,text,true,7,7,8
2015/10/09 16:31:02.629,16,33 /escm/js/jquery.tablesorter.js,200,OK,Thread Group 1-7,text,true,7,7,14
2015/10/09 16:31:02.639,8,60 /escm/js/jquery.leanModal.min.js,200,OK,Thread Group 1-5,text,true,7,7,8
2015/10/09 16:31:02.635,16,43 /escm/js/usageGraphJS/jqplot.canvasTextRenderer.min.js,200,OK,Thread Group 1-6,text,true,7,7,15
2015/10/09 16:31:02.644,7,72 /escm/images/bubble.png,200,OK,Thread Group 1-4,bin,true,7,7,7
2015/10/09 16:31:02.648,8,72 /escm/images/bubble.png,200,OK,Thread Group 1-5,bin,true,7,7,7
2015/10/09 16:31:02.646,12,55 /escm/js/usageGraphJS/jqplot.dateAxisRenderer.min.js,200,OK,Thread Group 1-7,text,true,7,7,12
2015/10/09 16:31:02.652,10,41 /escm/js/usageGraphJS/jqplot.enhancedLegendRenderer.min.js,200,OK,Thread Group 1-6,text,true,7,7,10
2015/10/09 16:31:02.652,11,73 /escm/css/theme/images/ui-icons_ededed_256x240.png,200,OK,Thread Group 1-4,bin,true,7,7,11
2015/10/09 16:31:02.656,10,73 /escm/css/theme/images/ui-icons_ededed_256x240.png,200,OK,Thread Group 1-5,bin,true,7,7,10
2015/10/09 16:31:02.659,9,51 /escm/js/jquery.scrollToTop.min.js,200,OK,Thread Group 1-7,text,true,7,7,9
2015/10/09 16:31:02.663,6,60 /escm/js/jquery.leanModal.min.js,200,OK,Thread Group 1-6,text,true,7,7,6
2015/10/09 16:31:02.667,9,74 /escm/css/theme/images/ui-icons_ffffff_256x240.png,200,OK,Thread Group 1-4,bin,true,7,7,9
2015/10/09 16:31:02.667,6,74 /escm/css/theme/images/ui-icons_ffffff_256x240.png,200,OK,Thread Group 1-5,bin,true,7,7,6
2015/10/09 16:30:46.514,12884,User Login as Service Provider,200,"Number of samples in transaction : 66, number of failing samples : 0",Thread Group 1-4,,true,7,7,7475
2015/10/09 16:30:46.514,11792,User Login as Service Provider,200,"Number of samples in transaction : 66, number of failing samples : 0",Thread Group 1-5,,true,7,7,6749
2015/10/09 16:31:02.670,7,72 /escm/images/bubble.png,200,OK,Thread Group 1-6,bin,true,5,5,7
2015/10/09 16:31:02.179,502,70 /escm/css/modern_ui/images/myCatalog.png,200,OK,Thread Group 1-3,bin,true,5,5,502
2015/10/09 16:31:02.669,25,59 /escm/js/jquery.ui.timepicker.js,200,OK,Thread Group 1-7,text,true,5,5,20
2015/10/09 16:31:02.378,318,39 /escm/js/jquery.flexslider.js,200,OK,Thread Group 1-10,text,true,5,5,309
2015/10/09 16:31:02.345,354,65 /escm/images/orders.png,200,OK,Thread Group 1-9,bin,true,5,5,354
2015/10/09 16:31:02.681,18,64 /escm/css/modern_ui/images/myDashboard.png,200,OK,Thread Group 1-3,bin,true,5,5,17
2015/10/09 16:31:02.695,13,46 /escm/js/MonthPicker.min.js,200,OK,Thread Group 1-7,text,true,5,5,9
2015/10/09 16:31:02.696,16,43 /escm/js/usageGraphJS/jqplot.canvasTextRenderer.min.js,200,OK,Thread Group 1-10,text,true,5,5,13
2015/10/09 16:31:02.700,16,71 /escm/images/_loading.gif,200,OK,Thread Group 1-3,bin,true,5,5,16
2015/10/09 16:31:02.709,11,66 /escm/images/myAccount.png,200,OK,Thread Group 1-7,bin,true,5,5,11
2015/10/09 16:31:02.699,27,39 /escm/js/jquery.flexslider.js,200,OK,Thread Group 1-9,text,true,5,5,21
2015/10/09 16:31:02.717,14,65 /escm/images/orders.png,200,OK,Thread Group 1-3,bin,true,5,5,14
2015/10/09 16:31:02.713,20,41 /escm/js/usageGraphJS/jqplot.enhancedLegendRenderer.min.js,200,OK,Thread Group 1-10,text,true,5,5,17
2015/10/09 16:31:02.721,15,68 /escm/css/modern_ui/images/CP_login.png,200,OK,Thread Group 1-7,bin,true,5,5,15
2015/10/09 16:31:02.678,60,73 /escm/css/theme/images/ui-icons_ededed_256x240.png,200,OK,Thread Group 1-6,bin,true,5,5,60
2015/10/09 16:31:02.734,8,60 /escm/js/jquery.leanModal.min.js,200,OK,Thread Group 1-10,text,true,5,5,8
2015/10/09 16:31:02.727,17,43 /escm/js/usageGraphJS/jqplot.canvasTextRenderer.min.js,200,OK,Thread Group 1-9,text,true,5,5,14
2015/10/09 16:31:02.737,9,67 /escm/images/settings.png,200,OK,Thread Group 1-7,bin,true,5,5,9
2015/10/09 16:31:02.739,8,74 /escm/css/theme/images/ui-icons_ffffff_256x240.png,200,OK,Thread Group 1-6,bin,true,5,5,8
2015/10/09 16:30:47.559,11114,User Login as Service Provider,200,"Number of samples in transaction : 66, number of failing samples : 0",Thread Group 1-6,,true,5,5,6248
2015/10/09 16:31:02.743,8,72 /escm/images/bubble.png,200,OK,Thread Group 1-10,bin,true,4,4,8
2015/10/09 16:31:02.747,7,70 /escm/css/modern_ui/images/myCatalog.png,200,OK,Thread Group 1-7,bin,true,4,4,7
2015/10/09 16:31:02.732,24,39 /escm/js/jquery.flexslider.js,200,OK,Thread Group 1-3,text,true,4,4,17
2015/10/09 16:31:02.745,15,41 /escm/js/usageGraphJS/jqplot.enhancedLegendRenderer.min.js,200,OK,Thread Group 1-9,text,true,4,4,13
2015/10/09 16:31:02.752,10,73 /escm/css/theme/images/ui-icons_ededed_256x240.png,200,OK,Thread Group 1-10,bin,true,4,4,10
2015/10/09 16:31:02.755,9,64 /escm/css/modern_ui/images/myDashboard.png,200,OK,Thread Group 1-7,bin,true,4,4,9
2015/10/09 16:31:02.761,7,60 /escm/js/jquery.leanModal.min.js,200,OK,Thread Group 1-9,text,true,4,4,7
2015/10/09 16:31:02.757,13,43 /escm/js/usageGraphJS/jqplot.canvasTextRenderer.min.js,200,OK,Thread Group 1-3,text,true,4,4,11
2015/10/09 16:31:02.763,11,74 /escm/css/theme/images/ui-icons_ffffff_256x240.png,200,OK,Thread Group 1-10,bin,true,4,4,11
2015/10/09 16:30:51.654,11020,User Login as Service Provider,200,"Number of samples in transaction : 66, number of failing samples : 0",Thread Group 1-10,,true,4,4,6364
2015/10/09 16:31:02.765,11,71 /escm/images/_loading.gif,200,OK,Thread Group 1-7,bin,true,3,3,11
2015/10/09 16:31:02.769,9,72 /escm/images/bubble.png,200,OK,Thread Group 1-9,bin,true,3,3,9
2015/10/09 16:31:02.771,12,41 /escm/js/usageGraphJS/jqplot.enhancedLegendRenderer.min.js,200,OK,Thread Group 1-3,text,true,3,3,10
2015/10/09 16:31:02.777,9,65 /escm/images/orders.png,200,OK,Thread Group 1-7,bin,true,3,3,9
2015/10/09 16:31:02.779,9,73 /escm/css/theme/images/ui-icons_ededed_256x240.png,200,OK,Thread Group 1-9,bin,true,3,3,9
2015/10/09 16:31:02.784,6,60 /escm/js/jquery.leanModal.min.js,200,OK,Thread Group 1-3,text,true,3,3,5
2015/10/09 16:31:02.789,5,74 /escm/css/theme/images/ui-icons_ffffff_256x240.png,200,OK,Thread Group 1-9,bin,true,3,3,5
2015/10/09 16:30:50.639,10949,User Login as Service Provider,200,"Number of samples in transaction : 66, number of failing samples : 0",Thread Group 1-9,,true,3,3,6146
2015/10/09 16:31:02.790,9,72 /escm/images/bubble.png,200,OK,Thread Group 1-3,bin,true,2,2,9
2015/10/09 16:31:02.787,17,39 /escm/js/jquery.flexslider.js,200,OK,Thread Group 1-7,text,true,2,2,14
2015/10/09 16:31:02.800,7,73 /escm/css/theme/images/ui-icons_ededed_256x240.png,200,OK,Thread Group 1-3,bin,true,2,2,7
2015/10/09 16:31:02.808,6,74 /escm/css/theme/images/ui-icons_ffffff_256x240.png,200,OK,Thread Group 1-3,bin,true,2,2,6
2015/10/09 16:30:44.450,14007,User Login as Service Provider,200,"Number of samples in transaction : 66, number of failing samples : 0",Thread Group 1-3,,true,2,2,9086
2015/10/09 16:31:02.805,10,43 /escm/js/usageGraphJS/jqplot.canvasTextRenderer.min.js,200,OK,Thread Group 1-7,text,true,2,2,8
2015/10/09 16:31:02.817,8,41 /escm/js/usageGraphJS/jqplot.enhancedLegendRenderer.min.js,200,OK,Thread Group 1-7,text,true,1,1,8
2015/10/09 16:31:02.826,7,60 /escm/js/jquery.leanModal.min.js,200,OK,Thread Group 1-7,text,true,1,1,7
2015/10/09 16:31:02.834,5,72 /escm/images/bubble.png,200,OK,Thread Group 1-7,bin,true,1,1,5
2015/10/09 16:31:02.840,6,73 /escm/css/theme/images/ui-icons_ededed_256x240.png,200,OK,Thread Group 1-7,bin,true,1,1,6
2015/10/09 16:31:02.847,5,74 /escm/css/theme/images/ui-icons_ffffff_256x240.png,200,OK,Thread Group 1-7,bin,true,1,1,5
2015/10/09 16:30:48.592,11099,User Login as Service Provider,200,"Number of samples in transaction : 66, number of failing samples : 0",Thread Group 1-7,,true,1,1,5752
